Timestamp,User Count,Type,Name,Requests/s,Failures/s,50%,66%,75%,80%,90%,95%,98%,99%,99.9%,99.99%,100%,Total Request Count,Total Failure Count,Total Median Response Time,Total Average Response Time,Total Min Response Time,Total Max Response Time,Total Average Content Size
1789422546,0,,Aggregated,0.000000,0.000000,N/A,N/A,N/A,N/A,N/A,N/A,N/A,N/A,N/A,N/A,N/A,0,0,0,0.0,0,0,0
1789422547,1,,Aggregated,0.000000,0.000000,940,940,940,940,940,940,940,940,940,940,940,1,0,944.3383449997782,944.3383449997782,944.3383449997782,944.3383449997782,179.0
1789422548,1,,Aggregated,0.000000,0.000000,940,940,940,940,940,940,940,940,940,940,940,1,0,944.3383449997782,944.3383449997782,944.3383449997782,944.3383449997782,179.0
1789422549,1,,Aggregated,0.000000,0.000000,940,940,940,940,940,940,940,940,940,940,940,1,0,944.3383449997782,944.3383449997782,944.3383449997782,944.3383449997782,179.0
1789422550,1,,Aggregated,0.000000,0.000000,940,940,940,940,940,940,940,940,940,940,940,1,0,944.3383449997782,944.3383449997782,944.3383449997782,944.3383449997782,179.0
1789422551,1,,Aggregated,0.000000,0.000000,940,940,940,940,940,940,940,940,940,940,940,1,0,944.3383449997782,944.3383449997782,944.3383449997782,944.3383449997782,179.0
1789422552,1,,Aggregated,0.000000,0.000000,940,940,940,940,940,940,940,940,940,940,940,1,0,944.3383449997782,944.3383449997782,944.3383449997782,944.3383449997782,179.0
1789422553,1,,Aggregated,0.000000,0.000000,940,940,940,940,940,940,940,940,940,940,940,1,0,944.3383449997782,944.3383449997782,944.3383449997782,944.3383449997782,179.0
1789422554,1,,Aggregated,0.000000,0.000000,940,940,940,940,940,940,940,940,940,940,940,1,0,944.3383449997782,944.3383449997782,944.3383449997782,944.3383449997782,179.0
1789422555,1,,Aggregated,0.000000,0.000000,940,940,940,940,940,940,940,940,940,940,940,1,0,944.3383449997782,944.3383449997782,944.3383449997782,944.3383449997782,179.0
1789422556,1,,Aggregated,0.000000,0.000000,940,940,940,940,940,940,940,940,940,940,940,1,0,944.3383449997782,944.3383449997782,944.3383449997782,944.3383449997782,179.0
1789422557,1,,Aggregated,0.000000,0.000000,940,940,940,940,940,940,940,940,940,940,940,1,0,944.3383449997782,944.3383449997782,944.3383449997782,944.3383449997782,179.0
1789422558,1,,Aggregated,0.000000,0.000000,940,940,940,940,940,940,940,940,940,940,940,1,0,944.3383449997782,944.3383449997782,944.3383449997782,944.3383449997782,179.0
1789422559,1,,Aggregated,0.000000,0.000000,940,940,940,940,940,940,940,940,940,940,940,1,0,944.3383449997782,944.3383449997782,944.3383449997782,944.3383449997782,179.0
1789422560,1,,Aggregated,0.000000,0.000000,940,940,940,940,940,940,940,940,940,940,940,1,0,944.3383449997782,944.3383449997782,944.3383449997782,944.3383449997782,179.0
1789422561,1,,Aggregated,0.000000,0.000000,940,940,940,940,940,940,940,940,940,940,940,1,0,944.3383449997782,944.3383449997782,944.3383449997782,944.3383449997782,179.0
1789422562,1,,Aggregated,0.000000,0.000000,940,940,940,940,940,940,940,940,940,940,940,1,0,944.3383449997782,944.3383449997782,944.3383449997782,944.3383449997782,179.0
1789422563,1,,Aggregated,0.000000,0.000000,940,940,940,940,940,940,940,940,940,940,940,1,0,944.3383449997782,944.3383449997782,944.3383449997782,944.3383449997782,179.0
1789422564,1,,Aggregated,0.000000,0.000000,940,940,940,940,940,940,940,940,940,940,940,1,0,944.3383449997782,944.3383449997782,944.3383449997782,944.3383449997782,179.0
1789422565,1,,Aggregated,0.000000,0.000000,940,940,940,940,940,940,940,940,940,940,940,1,0,944.3383449997782,944.3383449997782,944.3383449997782,944.3383449997782,179.0
1789422566,1,,Aggregated,0.000000,0.000000,940,940,940,940,940,940,940,940,940,940,940,1,0,944.3383449997782,944.3383449997782,944.3383449997782,944.3383449997782,179.0
1789422567,1,,Aggregated,0.000000,0.000000,940,940,940,940,940,940,940,940,940,940,940,1,0,944.3383449997782,944.3383449997782,944.3383449997782,944.3383449997782,179.0
1789422568,1,,Aggregated,0.000000,0.000000,940,940,940,940,940,940,940,940,940,940,940,1,0,944.3383449997782,944.3383449997782,944.3383449997782,944.3383449997782,179.0
1789422569,1,,Aggregated,0.000000,0.000000,940,940,940,940,940,940,940,940,940,940,940,1,0,944.3383449997782,944.3383449997782,944.3383449997782,944.3383449997782,179.0
1789422570,1,,Aggregated,0.000000,0.000000,940,940,940,940,940,940,940,940,940,940,940,1,0,944.3383449997782,944.3383449997782,944.3383449997782,944.3383449997782,179.0
1789422571,1,,Aggregated,0.000000,0.000000,940,940,940,940,940,940,940,940,940,940,940,1,0,944.3383449997782,944.3383449997782,944.3383449997782,944.3383449997782,179.0
1789422572,1,,Aggregated,0.000000,0.000000,1200,1200,1200,1200,1200,1200,1200,1200,1200,1200,1200,2,0,944.3383449997782,1047.357133999867,944.3383449997782,1150.375922999956,179.0
1789422573,1,,Aggregated,0.000000,0.000000,1200,1200,1200,1200,1200,1200,1200,1200,1200,1200,1200,2,0,944.3383449997782,1047.357133999867,944.3383449997782,1150.375922999956,179.0
1789422574,1,,Aggregated,0.000000,0.000000,1200,1200,1200,1200,1200,1200,1200,1200,1200,1200,1200,2,0,944.3383449997782,1047.357133999867,944.3383449997782,1150.375922999956,179.0
1789422575,1,,Aggregated,0.000000,0.000000,1200,1200,1200,1200,1200,1200,1200,1200,1200,1200,1200,2,0,944.3383449997782,1047.357133999867,944.3383449997782,1150.375922999956,179.0
1789422576,1,,Aggregated,0.000000,0.000000,1200,1200,1200,1200,1200,1200,1200,1200,1200,1200,1200,2,0,944.3383449997782,1047.357133999867,944.3383449997782,1150.375922999956,179.0
1789422577,1,,Aggregated,0.000000,0.000000,1200,1200,1200,1200,1200,1200,1200,1200,1200,1200,1200,2,0,944.3383449997782,1047.357133999867,944.3383449997782,1150.375922999956,179.0
1789422578,1,,Aggregated,0.000000,0.000000,1200,1200,1200,1200,1200,1200,1200,1200,1200,1200,1200,2,0,944.3383449997782,1047.357133999867,944.3383449997782,1150.375922999956,179.0
1789422579,1,,Aggregated,0.000000,0.000000,1200,1200,1200,1200,1200,1200,1200,1200,1200,1200,1200,2,0,944.3383449997782,1047.357133999867,944.3383449997782,1150.375922999956,179.0
1789422580,1,,Aggregated,0.000000,0.000000,1200,1200,1200,1200,1200,1200,1200,1200,1200,1200,1200,2,0,944.3383449997782,1047.357133999867,944.3383449997782,1150.375922999956,179.0
1789422581,1,,Aggregated,0.000000,0.000000,1200,1200,1200,1200,1200,1200,1200,1200,1200,1200,1200,2,0,944.3383449997782,1047.357133999867,944.3383449997782,1150.375922999956,179.0
1789422582,1,,Aggregated,0.000000,0.000000,1200,1200,1200,1200,1200,1200,1200,1200,1200,1200,1200,2,0,944.3383449997782,1047.357133999867,944.3383449997782,1150.375922999956,179.0
1789422583,1,,Aggregated,0.000000,0.000000,1200,1200,1200,1200,1200,1200,1200,1200,1200,1200,1200,2,0,944.3383449997782,1047.357133999867,944.3383449997782,1150.375922999956,179.0
1789422584,1,,Aggregated,0.000000,0.000000,1200,1200,1200,1200,1200,1200,1200,1200,1200,1200,1200,2,0,944.3383449997782,1047.357133999867,944.3383449997782,1150.375922999956,179.0
1789422585,1,,Aggregated,0.000000,0.000000,1200,1200,1200,1200,1200,1200,1200,1200,1200,1200,1200,2,0,944.3383449997782,1047.357133999867,944.3383449997782,1150.375922999956,179.0
1789422586,1,,Aggregated,0.000000,0.000000,1200,1200,1200,1200,1200,1200,1200,1200,1200,1200,1200,2,0,944.3383449997782,1047.357133999867,944.3383449997782,1150.375922999956,179.0
1789422587,1,,Aggregated,0.000000,0.000000,1200,1200,1200,1200,1200,1200,1200,1200,1200,1200,1200,2,0,944.3383449997782,1047.357133999867,944.3383449997782,1150.375922999956,179.0
1789422588,1,,Aggregated,0.000000,0.000000,1200,1200,1200,1200,1200,1200,1200,1200,1200,1200,1200,2,0,944.3383449997782,1047.357133999867,944.3383449997782,1150.375922999956,179.0
1789422589,1,,Aggregated,0.000000,0.000000,1200,1200,1200,1200,1200,1200,1200,1200,1200,1200,1200,2,0,944.3383449997782,1047.357133999867,944.3383449997782,1150.375922999956,179.0
1789422590,1,,Aggregated,0.000000,0.000000,1200,1200,1200,1200,1200,1200,1200,1200,1200,1200,1200,2,0,944.3383449997782,1047.357133999867,944.3383449997782,1150.375922999956,179.0
1789422591,1,,Aggregated,0.000000,0.000000,1200,1200,1200,1200,1200,1200,1200,1200,1200,1200,1200,2,0,944.3383449997782,1047.357133999867,944.3383449997782,1150.375922999956,179.0
1789422592,1,,Aggregated,0.000000,0.000000,1200,1200,1200,1200,1200,1200,1200,1200,1200,1200,1200,2,0,944.3383449997782,1047.357133999867,944.3383449997782,1150.375922999956,179.0
1789422593,1,,Aggregated,0.000000,0.000000,1200,1200,1200,1200,1200,1200,1200,1200,1200,1200,1200,2,0,944.3383449997782,1047.357133999867,944.3383449997782,1150.375922999956,179.0
1789422594,1,,Aggregated,0.000000,0.000000,1200,1200,1200,1200,1200,1200,1200,1200,1200,1200,1200,2,0,944.3383449997782,1047.357133999867,944.3383449997782,1150.375922999956,179.0
1789422595,1,,Aggregated,0.000000,0.000000,1200,1200,1200,1200,1200,1200,1200,1200,1200,1200,1200,2,0,944.3383449997782,1047.357133999867,944.3383449997782,1150.375922999956,179.0
1789422596,1,,Aggregated,0.000000,0.000000,970,970,1200,1200,1200,1200,1200,1200,1200,1200,1200,3,0,970,1020.4060200000337,944.3383449997782,1150.375922999956,179.0
1789422597,1,,Aggregated,0.000000,0.000000,970,970,1200,1200,1200,1200,1200,1200,1200,1200,1200,3,0,970,1020.4060200000337,944.3383449997782,1150.375922999956,179.0
1789422598,1,,Aggregated,0.000000,0.000000,970,970,1200,1200,1200,1200,1200,1200,1200,1200,1200,3,0,970,1020.4060200000337,944.3383449997782,1150.375922999956,179.0
1789422599,1,,Aggregated,0.000000,0.000000,970,970,1200,1200,1200,1200,1200,1200,1200,1200,1200,3,0,970,1020.4060200000337,944.3383449997782,1150.375922999956,179.0
1789422600,1,,Aggregated,0.000000,0.000000,970,970,1200,1200,1200,1200,1200,1200,1200,1200,1200,3,0,970,1020.4060200000337,944.3383449997782,1150.375922999956,179.0
1789422601,1,,Aggregated,0.000000,0.000000,970,970,1200,1200,1200,1200,1200,1200,1200,1200,1200,3,0,970,1020.4060200000337,944.3383449997782,1150.375922999956,179.0
1789422602,1,,Aggregated,0.000000,0.000000,970,970,1200,1200,1200,1200,1200,1200,1200,1200,1200,3,0,970,1020.4060200000337,944.3383449997782,1150.375922999956,179.0
1789422603,1,,Aggregated,0.000000,0.000000,970,970,1200,1200,1200,1200,1200,1200,1200,1200,1200,3,0,970,1020.4060200000337,944.3383449997782,1150.375922999956,179.0
1789422604,1,,Aggregated,0.000000,0.000000,970,970,1200,1200,1200,1200,1200,1200,1200,1200,1200,3,0,970,1020.4060200000337,944.3383449997782,1150.375922999956,179.0
1789422605,1,,Aggregated,0.000000,0.000000,970,970,1200,1200,1200,1200,1200,1200,1200,1200,1200,3,0,970,1020.4060200000337,944.3383449997782,1150.375922999956,179.0
1789422606,1,,Aggregated,0.000000,0.000000,970,970,1200,1200,1200,1200,1200,1200,1200,1200,1200,3,0,970,1020.4060200000337,944.3383449997782,1150.375922999956,179.0
1789422607,1,,Aggregated,0.000000,0.000000,970,970,1200,1200,1200,1200,1200,1200,1200,1200,1200,3,0,970,1020.4060200000337,944.3383449997782,1150.375922999956,179.0
1789422608,1,,Aggregated,0.000000,0.000000,970,970,1200,1200,1200,1200,1200,1200,1200,1200,1200,3,0,970,1020.4060200000337,944.3383449997782,1150.375922999956,179.0
1789422609,1,,Aggregated,0.000000,0.000000,970,970,1200,1200,1200,1200,1200,1200,1200,1200,1200,3,0,970,1020.4060200000337,944.3383449997782,1150.375922999956,179.0
1789422610,1,,Aggregated,0.000000,0.000000,970,970,1200,1200,1200,1200,1200,1200,1200,1200,1200,3,0,970,1020.4060200000337,944.3383449997782,1150.375922999956,179.0
1789422611,1,,Aggregated,0.000000,0.000000,970,970,1200,1200,1200,1200,1200,1200,1200,1200,1200,3,0,970,1020.4060200000337,944.3383449997782,1150.375922999956,179.0
1789422612,1,,Aggregated,0.000000,0.000000,970,970,1200,1200,1200,1200,1200,1200,1200,1200,1200,3,0,970,1020.4060200000337,944.3383449997782,1150.375922999956,179.0
1789422613,1,,Aggregated,0.000000,0.000000,970,970,1200,1200,1200,1200,1200,1200,1200,1200,1200,3,0,970,1020.4060200000337,944.3383449997782,1150.375922999956,179.0
1789422614,1,,Aggregated,0.000000,0.000000,970,970,1200,1200,1200,1200,1200,1200,1200,1200,1200,3,0,970,1020.4060200000337,944.3383449997782,1150.375922999956,179.0
1789422615,1,,Aggregated,0.000000,0.000000,970,970,1200,1200,1200,1200,1200,1200,1200,1200,1200,3,0,970,1020.4060200000337,944.3383449997782,1150.375922999956,179.0
1789422616,1,,Aggregated,0.000000,0.000000,970,970,1200,1200,1200,1200,1200,1200,1200,1200,1200,3,0,970,1020.4060200000337,944.3383449997782,1150.375922999956,179.0
1789422617,1,,Aggregated,0.000000,0.000000,970,970,1200,1200,1200,1200,1200,1200,1200,1200,1200,3,0,970,1020.4060200000337,944.3383449997782,1150.375922999956,179.0
1789422618,1,,Aggregated,0.000000,0.000000,970,970,1200,1200,1200,1200,1200,1200,1200,1200,1200,3,0,970,1020.4060200000337,944.3383449997782,1150.375922999956,179.0
1789422619,1,,Aggregated,0.000000,0.000000,970,970,1200,1200,1200,1200,1200,1200,1200,1200,1200,3,0,970,1020.4060200000337,944.3383449997782,1150.375922999956,179.0
1789422620,1,,Aggregated,0.000000,0.000000,970,970,1200,1200,1200,1200,1200,1200,1200,1200,1200,3,0,970,1020.4060200000337,944.3383449997782,1150.375922999956,179.0
1789422621,1,,Aggregated,0.000000,0.000000,970,970,1200,1200,1200,1200,1200,1200,1200,1200,1200,3,0,970,1020.4060200000337,944.3383449997782,1150.375922999956,179.0
1789422622,1,,Aggregated,0.000000,0.000000,1000,1000,1200,1200,1200,1200,1200,1200,1200,1200,1200,4,0,970,1017.3885617500673,944.3383449997782,1150.375922999956,179.0
1789422623,1,,Aggregated,0.000000,0.000000,1000,1000,1200,1200,1200,1200,1200,1200,1200,1200,1200,4,0,970,1017.3885617500673,944.3383449997782,1150.375922999956,179.0
1789422624,1,,Aggregated,0.000000,0.000000,1000,1000,1200,1200,1200,1200,1200,1200,1200,1200,1200,4,0,970,1017.3885617500673,944.3383449997782,1150.375922999956,179.0
1789422625,1,,Aggregated,0.000000,0.000000,1000,1000,1200,1200,1200,1200,1200,1200,1200,1200,1200,4,0,970,1017.3885617500673,944.3383449997782,1150.375922999956,179.0
1789422626,1,,Aggregated,0.000000,0.000000,1000,1000,1200,1200,1200,1200,1200,1200,1200,1200,1200,4,0,970,1017.3885617500673,944.3383449997782,1150.375922999956,179.0
1789422627,1,,Aggregated,0.000000,0.000000,1000,1000,1200,1200,1200,1200,1200,1200,1200,1200,1200,4,0,970,1017.3885617500673,944.3383449997782,1150.375922999956,179.0
1789422628,1,,Aggregated,0.000000,0.000000,1000,1000,1200,1200,1200,1200,1200,1200,1200,1200,1200,4,0,970,1017.3885617500673,944.3383449997782,1150.375922999956,179.0
1789422629,1,,Aggregated,0.000000,0.000000,1000,1000,1200,1200,1200,1200,1200,1200,1200,1200,1200,4,0,970,1017.3885617500673,944.3383449997782,1150.375922999956,179.0
1789422630,1,,Aggregated,0.000000,0.000000,1000,1000,1200,1200,1200,1200,1200,1200,1200,1200,1200,4,0,970,1017.3885617500673,944.3383449997782,1150.375922999956,179.0
1789422631,1,,Aggregated,0.000000,0.000000,1000,1000,1200,1200,1200,1200,1200,1200,1200,1200,1200,4,0,970,1017.3885617500673,944.3383449997782,1150.375922999956,179.0
1789422632,1,,Aggregated,0.000000,0.000000,1000,1000,1200,1200,1200,1200,1200,1200,1200,1200,1200,4,0,970,1017.3885617500673,944.3383449997782,1150.375922999956,179.0
1789422633,1,,Aggregated,0.000000,0.000000,1000,1000,1200,1200,1200,1200,1200,1200,1200,1200,1200,4,0,970,1017.3885617500673,944.3383449997782,1150.375922999956,179.0
1789422634,1,,Aggregated,0.000000,0.000000,1000,1000,1200,1200,1200,1200,1200,1200,1200,1200,1200,4,0,970,1017.3885617500673,944.3383449997782,1150.375922999956,179.0
1789422635,1,,Aggregated,0.000000,0.000000,1000,1000,1200,1200,1200,1200,1200,1200,1200,1200,1200,4,0,970,1017.3885617500673,944.3383449997782,1150.375922999956,179.0
1789422636,1,,Aggregated,0.000000,0.000000,1000,1000,1200,1200,1200,1200,1200,1200,1200,1200,1200,4,0,970,1017.3885617500673,944.3383449997782,1150.375922999956,179.0
1789422637,1,,Aggregated,0.000000,0.000000,1000,1000,1200,1200,1200,1200,1200,1200,1200,1200,1200,4,0,970,1017.3885617500673,944.3383449997782,1150.375922999956,179.0
1789422638,1,,Aggregated,0.000000,0.000000,1000,1000,1200,1200,1200,1200,1200,1200,1200,1200,1200,4,0,970,1017.3885617500673,944.3383449997782,1150.375922999956,179.0
1789422639,1,,Aggregated,0.000000,0.000000,1000,1000,1200,1200,1200,1200,1200,1200,1200,1200,1200,4,0,970,1017.3885617500673,944.3383449997782,1150.375922999956,179.0
1789422640,1,,Aggregated,0.000000,0.000000,1000,1000,1200,1200,1200,1200,1200,1200,1200,1200,1200,4,0,970,1017.3885617500673,944.3383449997782,1150.375922999956,179.0
1789422641,1,,Aggregated,0.000000,0.000000,1000,1000,1200,1200,1200,1200,1200,1200,1200,1200,1200,4,0,970,1017.3885617500673,944.3383449997782,1150.375922999956,179.0
1789422642,1,,Aggregated,0.000000,0.000000,1000,1000,1200,1200,1200,1200,1200,1200,1200,1200,1200,4,0,970,1017.3885617500673,944.3383449997782,1150.375922999956,179.0
1789422643,1,,Aggregated,0.000000,0.000000,1000,1000,1200,1200,1200,1200,1200,1200,1200,1200,1200,4,0,970,1017.3885617500673,944.3383449997782,1150.375922999956,179.0
1789422644,1,,Aggregated,0.000000,0.000000,1000,1000,1200,1200,1200,1200,1200,1200,1200,1200,1200,4,0,970,1017.3885617500673,944.3383449997782,1150.375922999956,179.0
1789422645,1,,Aggregated,0.000000,0.000000,1000,1100,1100,1200,1200,1200,1200,1200,1200,1200,1200,5,0,1000,1042.3601266000333,944.3383449997782,1150.375922999956,179.0
1789422646,1,,Aggregated,0.000000,0.000000,1000,1100,1100,1200,1200,1200,1200,1200,1200,1200,1200,5,0,1000,1042.3601266000333,944.3383449997782,1150.375922999956,179.0
1789422647,1,,Aggregated,0.000000,0.000000,1000,1100,1100,1200,1200,1200,1200,1200,1200,1200,1200,5,0,1000,1042.3601266000333,944.3383449997782,1150.375922999956,179.0
1789422648,1,,Aggregated,0.000000,0.000000,1000,1100,1100,1200,1200,1200,1200,1200,1200,1200,1200,5,0,1000,1042.3601266000333,944.3383449997782,1150.375922999956,179.0
1789422649,1,,Aggregated,0.000000,0.000000,1000,1100,1100,1200,1200,1200,1200,1200,1200,1200,1200,5,0,1000,1042.3601266000333,944.3383449997782,1150.375922999956,179.0
1789422650,1,,Aggregated,0.000000,0.000000,1000,1100,1100,1200,1200,1200,1200,1200,1200,1200,1200,5,0,1000,1042.3601266000333,944.3383449997782,1150.375922999956,179.0
1789422651,1,,Aggregated,0.000000,0.000000,1000,1100,1100,1200,1200,1200,1200,1200,1200,1200,1200,5,0,1000,1042.3601266000333,944.3383449997782,1150.375922999956,179.0
1789422652,1,,Aggregated,0.000000,0.000000,1000,1100,1100,1200,1200,1200,1200,1200,1200,1200,1200,5,0,1000,1042.3601266000333,944.3383449997782,1150.375922999956,179.0
1789422653,1,,Aggregated,0.000000,0.000000,1000,1100,1100,1200,1200,1200,1200,1200,1200,1200,1200,5,0,1000,1042.3601266000333,944.3383449997782,1150.375922999956,179.0
1789422654,1,,Aggregated,0.000000,0.000000,1000,1100,1100,1200,1200,1200,1200,1200,1200,1200,1200,5,0,1000,1042.3601266000333,944.3383449997782,1150.375922999956,179.0
1789422655,1,,Aggregated,0.000000,0.000000,1000,1100,1100,1200,1200,1200,1200,1200,1200,1200,1200,5,0,1000,1042.3601266000333,944.3383449997782,1150.375922999956,179.0
1789422656,1,,Aggregated,0.000000,0.000000,1000,1100,1100,1200,1200,1200,1200,1200,1200,1200,1200,5,0,1000,1042.3601266000333,944.3383449997782,1150.375922999956,179.0
1789422657,1,,Aggregated,0.000000,0.000000,1000,1100,1100,1200,1200,1200,1200,1200,1200,1200,1200,5,0,1000,1042.3601266000333,944.3383449997782,1150.375922999956,179.0
1789422658,1,,Aggregated,0.000000,0.000000,1000,1100,1100,1200,1200,1200,1200,1200,1200,1200,1200,5,0,1000,1042.3601266000333,944.3383449997782,1150.375922999956,179.0
1789422659,1,,Aggregated,0.000000,0.000000,1000,1100,1100,1200,1200,1200,1200,1200,1200,1200,1200,5,0,1000,1042.3601266000333,944.3383449997782,1150.375922999956,179.0
1789422660,1,,Aggregated,0.000000,0.000000,1000,1100,1100,1200,1200,1200,1200,1200,1200,1200,1200,5,0,1000,1042.3601266000333,944.3383449997782,1150.375922999956,179.0
1789422661,1,,Aggregated,0.000000,0.000000,1000,1100,1100,1200,1200,1200,1200,1200,1200,1200,1200,5,0,1000,1042.3601266000333,944.3383449997782,1150.375922999956,179.0
1789422662,1,,Aggregated,0.000000,0.000000,1000,1100,1100,1200,1200,1200,1200,1200,1200,1200,1200,5,0,1000,1042.3601266000333,944.3383449997782,1150.375922999956,179.0
1789422663,1,,Aggregated,0.000000,0.000000,1000,1100,1100,1200,1200,1200,1200,1200,1200,1200,1200,5,0,1000,1042.3601266000333,944.3383449997782,1150.375922999956,179.0
1789422664,1,,Aggregated,0.000000,0.000000,1000,1100,1100,1200,1200,1200,1200,1200,1200,1200,1200,5,0,1000,1042.3601266000333,944.3383449997782,1150.375922999956,179.0
1789422665,1,,Aggregated,0.000000,0.000000,1000,1100,1100,1200,1200,1200,1200,1200,1200,1200,1200,5,0,1000,1042.3601266000333,944.3383449997782,1150.375922999956,179.0
1789422666,1,,Aggregated,0.000000,0.000000,1000,1100,1100,1200,1200,1200,1200,1200,1200,1200,1200,5,0,1000,1042.3601266000333,944.3383449997782,1150.375922999956,179.0
1789422667,1,,Aggregated,0.000000,0.000000,1000,1100,1100,1200,1200,1200,1200,1200,1200,1200,1200,5,0,1000,1042.3601266000333,944.3383449997782,1150.375922999956,179.0
1789422668,1,,Aggregated,0.000000,0.000000,1000,1100,1100,1200,1200,1200,1200,1200,1200,1200,1200,5,0,1000,1042.3601266000333,944.3383449997782,1150.375922999956,179.0
1789422669,1,,Aggregated,0.000000,0.000000,1000,1100,1100,1200,1200,1200,1200,1200,1200,1200,1200,5,0,1000,1042.3601266000333,944.3383449997782,1150.375922999956,179.0
1789422670,1,,Aggregated,0.000000,0.000000,1100,1100,1200,1200,1300,1300,1300,1300,1300,1300,1300,6,0,1000,1083.0274754998754,944.3383449997782,1286.3642199990863,179.0
1789422671,1,,Aggregated,0.000000,0.000000,1100,1100,1200,1200,1300,1300,1300,1300,1300,1300,1300,6,0,1000,1083.0274754998754,944.3383449997782,1286.3642199990863,179.0
1789422672,1,,Aggregated,0.000000,0.000000,1100,1100,1200,1200,1300,1300,1300,1300,1300,1300,1300,6,0,1000,1083.0274754998754,944.3383449997782,1286.3642199990863,179.0
1789422673,1,,Aggregated,0.000000,0.000000,1100,1100,1200,1200,1300,1300,1300,1300,1300,1300,1300,6,0,1000,1083.0274754998754,944.3383449997782,1286.3642199990863,179.0
1789422675,1,,Aggregated,0.000000,0.000000,1100,1100,1200,1200,1300,1300,1300,1300,1300,1300,1300,6,0,1000,1083.0274754998754,944.3383449997782,1286.3642199990863,179.0
1789422676,1,,Aggregated,0.000000,0.000000,1100,1100,1200,1200,1300,1300,1300,1300,1300,1300,1300,6,0,1000,1083.0274754998754,944.3383449997782,1286.3642199990863,179.0
1789422677,1,,Aggregated,0.000000,0.000000,1100,1100,1200,1200,1300,1300,1300,1300,1300,1300,1300,6,0,1000,1083.0274754998754,944.3383449997782,1286.3642199990863,179.0
1789422678,1,,Aggregated,0.000000,0.000000,1100,1100,1200,1200,1300,1300,1300,1300,1300,1300,1300,6,0,1000,1083.0274754998754,944.3383449997782,1286.3642199990863,179.0
1789422679,1,,Aggregated,0.000000,0.000000,1100,1100,1200,1200,1300,1300,1300,1300,1300,1300,1300,6,0,1000,1083.0274754998754,944.3383449997782,1286.3642199990863,179.0
1789422680,1,,Aggregated,0.000000,0.000000,1100,1100,1200,1200,1300,1300,1300,1300,1300,1300,1300,6,0,1000,1083.0274754998754,944.3383449997782,1286.3642199990863,179.0
1789422681,1,,Aggregated,0.000000,0.000000,1100,1100,1200,1200,1300,1300,1300,1300,1300,1300,1300,6,0,1000,1083.0274754998754,944.3383449997782,1286.3642199990863,179.0
1789422682,1,,Aggregated,0.000000,0.000000,1100,1100,1200,1200,1300,1300,1300,1300,1300,1300,1300,6,0,1000,1083.0274754998754,944.3383449997782,1286.3642199990863,179.0
1789422683,1,,Aggregated,0.000000,0.000000,1100,1100,1200,1200,1300,1300,1300,1300,1300,1300,1300,6,0,1000,1083.0274754998754,944.3383449997782,1286.3642199990863,179.0
1789422684,1,,Aggregated,0.000000,0.000000,1100,1100,1200,1200,1300,1300,1300,1300,1300,1300,1300,6,0,1000,1083.0274754998754,944.3383449997782,1286.3642199990863,179.0
1789422685,1,,Aggregated,0.000000,0.000000,1100,1100,1200,1200,1300,1300,1300,1300,1300,1300,1300,6,0,1000,1083.0274754998754,944.3383449997782,1286.3642199990863,179.0
1789422686,1,,Aggregated,0.000000,0.000000,1100,1100,1200,1200,1300,1300,1300,1300,1300,1300,1300,6,0,1000,1083.0274754998754,944.3383449997782,1286.3642199990863,179.0
1789422687,1,,Aggregated,0.000000,0.000000,1100,1100,1200,1200,1300,1300,1300,1300,1300,1300,1300,6,0,1000,1083.0274754998754,944.3383449997782,1286.3642199990863,179.0
1789422688,1,,Aggregated,0.000000,0.000000,1100,1100,1200,1200,1300,1300,1300,1300,1300,1300,1300,6,0,1000,1083.0274754998754,944.3383449997782,1286.3642199990863,179.0
1789422689,1,,Aggregated,0.000000,0.000000,1100,1100,1200,1200,1300,1300,1300,1300,1300,1300,1300,6,0,1000,1083.0274754998754,944.3383449997782,1286.3642199990863,179.0
1789422690,1,,Aggregated,0.000000,0.000000,1100,1100,1200,1200,1300,1300,1300,1300,1300,1300,1300,6,0,1000,1083.0274754998754,944.3383449997782,1286.3642199990863,179.0
1789422691,1,,Aggregated,0.000000,0.000000,1100,1100,1200,1200,1300,1300,1300,1300,1300,1300,1300,6,0,1000,1083.0274754998754,944.3383449997782,1286.3642199990863,179.0
1789422692,1,,Aggregated,0.000000,0.000000,1100,1100,1200,1200,1300,1300,1300,1300,1300,1300,1300,6,0,1000,1083.0274754998754,944.3383449997782,1286.3642199990863,179.0
1789422693,1,,Aggregated,0.000000,0.000000,1100,1100,1200,1200,1300,1300,1300,1300,1300,1300,1300,6,0,1000,1083.0274754998754,944.3383449997782,1286.3642199990863,179.0
1789422694,1,,Aggregated,0.000000,0.000000,1100,1100,1200,1200,1300,1300,1300,1300,1300,1300,1300,6,0,1000,1083.0274754998754,944.3383449997782,1286.3642199990863,179.0
1789422695,1,,Aggregated,0.000000,0.000000,1100,1100,1200,1200,1300,1300,1300,1300,1300,1300,1300,6,0,1000,1083.0274754998754,944.3383449997782,1286.3642199990863,179.0
1789422696,1,,Aggregated,0.000000,0.000000,1100,1100,1200,1200,1300,1300,1300,1300,1300,1300,1300,6,0,1000,1083.0274754998754,944.3383449997782,1286.3642199990863,179.0
1789422697,1,,Aggregated,0.000000,0.000000,1100,1100,1200,1200,1300,1300,1300,1300,1300,1300,1300,6,0,1000,1083.0274754998754,944.3383449997782,1286.3642199990863,179.0
1789422698,1,,Aggregated,0.000000,0.000000,1000,1100,1200,1200,1300,1300,1300,1300,1300,1300,1300,7,0,1000,1040.9352445713012,788.3818589998555,1286.3642199990863,179.0
1789422699,1,,Aggregated,0.000000,0.000000,1000,1100,1200,1200,1300,1300,1300,1300,1300,1300,1300,7,0,1000,1040.9352445713012,788.3818589998555,1286.3642199990863,179.0
1789422700,1,,Aggregated,0.000000,0.000000,1000,1100,1200,1200,1300,1300,1300,1300,1300,1300,1300,7,0,1000,1040.9352445713012,788.3818589998555,1286.3642199990863,179.0
1789422701,1,,Aggregated,0.000000,0.000000,1000,1100,1200,1200,1300,1300,1300,1300,1300,1300,1300,7,0,1000,1040.9352445713012,788.3818589998555,1286.3642199990863,179.0
1789422702,1,,Aggregated,0.000000,0.000000,1000,1100,1200,1200,1300,1300,1300,1300,1300,1300,1300,7,0,1000,1040.9352445713012,788.3818589998555,1286.3642199990863,179.0
1789422703,1,,Aggregated,0.000000,0.000000,1000,1100,1200,1200,1300,1300,1300,1300,1300,1300,1300,7,0,1000,1040.9352445713012,788.3818589998555,1286.3642199990863,179.0
1789422704,1,,Aggregated,0.000000,0.000000,1000,1100,1200,1200,1300,1300,1300,1300,1300,1300,1300,7,0,1000,1040.9352445713012,788.3818589998555,1286.3642199990863,179.0
1789422705,1,,Aggregated,0.000000,0.000000,1000,1100,1200,1200,1300,1300,1300,1300,1300,1300,1300,7,0,1000,1040.9352445713012,788.3818589998555,1286.3642199990863,179.0
1789422706,1,,Aggregated,0.000000,0.000000,1000,1100,1200,1200,1300,1300,1300,1300,1300,1300,1300,7,0,1000,1040.9352445713012,788.3818589998555,1286.3642199990863,179.0
1789422707,1,,Aggregated,0.000000,0.000000,1000,1100,1200,1200,1300,1300,1300,1300,1300,1300,1300,7,0,1000,1040.9352445713012,788.3818589998555,1286.3642199990863,179.0
1789422708,1,,Aggregated,0.000000,0.000000,1000,1100,1200,1200,1300,1300,1300,1300,1300,1300,1300,7,0,1000,1040.9352445713012,788.3818589998555,1286.3642199990863,179.0
1789422709,1,,Aggregated,0.000000,0.000000,1000,1100,1200,1200,1300,1300,1300,1300,1300,1300,1300,7,0,1000,1040.9352445713012,788.3818589998555,1286.3642199990863,179.0
1789422710,1,,Aggregated,0.000000,0.000000,1000,1100,1200,1200,1300,1300,1300,1300,1300,1300,1300,7,0,1000,1040.9352445713012,788.3818589998555,1286.3642199990863,179.0
1789422711,1,,Aggregated,0.000000,0.000000,1000,1100,1200,1200,1300,1300,1300,1300,1300,1300,1300,7,0,1000,1040.9352445713012,788.3818589998555,1286.3642199990863,179.0
1789422712,1,,Aggregated,0.000000,0.000000,1000,1100,1200,1200,1300,1300,1300,1300,1300,1300,1300,7,0,1000,1040.9352445713012,788.3818589998555,1286.3642199990863,179.0
1789422713,1,,Aggregated,0.000000,0.000000,1000,1100,1200,1200,1300,1300,1300,1300,1300,1300,1300,7,0,1000,1040.9352445713012,788.3818589998555,1286.3642199990863,179.0
1789422714,1,,Aggregated,0.000000,0.000000,1000,1100,1200,1200,1300,1300,1300,1300,1300,1300,1300,7,0,1000,1040.9352445713012,788.3818589998555,1286.3642199990863,179.0
1789422715,1,,Aggregated,0.000000,0.000000,1000,1100,1200,1200,1300,1300,1300,1300,1300,1300,1300,7,0,1000,1040.9352445713012,788.3818589998555,1286.3642199990863,179.0
1789422716,1,,Aggregated,0.000000,0.000000,1000,1100,1200,1200,1300,1300,1300,1300,1300,1300,1300,7,0,1000,1040.9352445713012,788.3818589998555,1286.3642199990863,179.0
1789422717,1,,Aggregated,0.000000,0.000000,1000,1100,1200,1200,1300,1300,1300,1300,1300,1300,1300,7,0,1000,1040.9352445713012,788.3818589998555,1286.3642199990863,179.0
1789422718,1,,Aggregated,0.000000,0.000000,1000,1100,1200,1200,1300,1300,1300,1300,1300,1300,1300,7,0,1000,1040.9352445713012,788.3818589998555,1286.3642199990863,179.0
1789422719,1,,Aggregated,0.000000,0.000000,1000,1100,1200,1200,1300,1300,1300,1300,1300,1300,1300,7,0,1000,1040.9352445713012,788.3818589998555,1286.3642199990863,179.0
1789422720,1,,Aggregated,0.000000,0.000000,1000,1100,1200,1200,1300,1300,1300,1300,1300,1300,1300,7,0,1000,1040.9352445713012,788.3818589998555,1286.3642199990863,179.0
1789422721,1,,Aggregated,0.000000,0.000000,1000,1100,1200,1200,1300,1300,1300,1300,1300,1300,1300,7,0,1000,1040.9352445713012,788.3818589998555,1286.3642199990863,179.0
1789422722,1,,Aggregated,0.000000,0.000000,1000,1100,1200,1200,1300,1300,1300,1300,1300,1300,1300,7,0,1000,1040.9352445713012,788.3818589998555,1286.3642199990863,179.0
1789422723,1,,Aggregated,0.000000,0.000000,1000,1100,1200,1200,1300,1300,1300,1300,1300,1300,1300,7,0,1000,1040.9352445713012,788.3818589998555,1286.3642199990863,179.0
1789422724,1,,Aggregated,0.000000,0.000000,1000,1100,1200,1200,1300,1300,1300,1300,1300,1300,1300,7,0,1000,1040.9352445713012,788.3818589998555,1286.3642199990863,179.0
1789422725,1,,Aggregated,0.000000,0.000000,1100,1200,1200,1200,1300,1300,1300,1300,1300,1300,1300,8,0,1000,1055.1522997500342,788.3818589998555,1286.3642199990863,179.0
1789422726,1,,Aggregated,0.000000,0.000000,1100,1200,1200,1200,1300,1300,1300,1300,1300,1300,1300,8,0,1000,1055.1522997500342,788.3818589998555,1286.3642199990863,179.0
1789422727,1,,Aggregated,0.000000,0.000000,1100,1200,1200,1200,1300,1300,1300,1300,1300,1300,1300,8,0,1000,1055.1522997500342,788.3818589998555,1286.3642199990863,179.0
1789422728,1,,Aggregated,0.000000,0.000000,1100,1200,1200,1200,1300,1300,1300,1300,1300,1300,1300,8,0,1000,1055.1522997500342,788.3818589998555,1286.3642199990863,179.0
1789422729,1,,Aggregated,0.000000,0.000000,1100,1200,1200,1200,1300,1300,1300,1300,1300,1300,1300,8,0,1000,1055.1522997500342,788.3818589998555,1286.3642199990863,179.0
1789422730,1,,Aggregated,0.000000,0.000000,1100,1200,1200,1200,1300,1300,1300,1300,1300,1300,1300,8,0,1000,1055.1522997500342,788.3818589998555,1286.3642199990863,179.0
1789422731,1,,Aggregated,0.000000,0.000000,1100,1200,1200,1200,1300,1300,1300,1300,1300,1300,1300,8,0,1000,1055.1522997500342,788.3818589998555,1286.3642199990863,179.0
1789422732,1,,Aggregated,0.000000,0.000000,1100,1200,1200,1200,1300,1300,1300,1300,1300,1300,1300,8,0,1000,1055.1522997500342,788.3818589998555,1286.3642199990863,179.0
1789422733,1,,Aggregated,0.000000,0.000000,1100,1200,1200,1200,1300,1300,1300,1300,1300,1300,1300,8,0,1000,1055.1522997500342,788.3818589998555,1286.3642199990863,179.0
1789422734,1,,Aggregated,0.000000,0.000000,1100,1200,1200,1200,1300,1300,1300,1300,1300,1300,1300,8,0,1000,1055.1522997500342,788.3818589998555,1286.3642199990863,179.0
1789422735,1,,Aggregated,0.000000,0.000000,1100,1200,1200,1200,1300,1300,1300,1300,1300,1300,1300,8,0,1000,1055.1522997500342,788.3818589998555,1286.3642199990863,179.0
1789422736,1,,Aggregated,0.000000,0.000000,1100,1200,1200,1200,1300,1300,1300,1300,1300,1300,1300,8,0,1000,1055.1522997500342,788.3818589998555,1286.3642199990863,179.0
1789422737,1,,Aggregated,0.000000,0.000000,1100,1200,1200,1200,1300,1300,1300,1300,1300,1300,1300,8,0,1000,1055.1522997500342,788.3818589998555,1286.3642199990863,179.0
1789422738,1,,Aggregated,0.000000,0.000000,1100,1200,1200,1200,1300,1300,1300,1300,1300,1300,1300,8,0,1000,1055.1522997500342,788.3818589998555,1286.3642199990863,179.0
1789422739,1,,Aggregated,0.000000,0.000000,1100,1200,1200,1200,1300,1300,1300,1300,1300,1300,1300,8,0,1000,1055.1522997500342,788.3818589998555,1286.3642199990863,179.0
1789422740,1,,Aggregated,0.000000,0.000000,1100,1200,1200,1200,1300,1300,1300,1300,1300,1300,1300,8,0,1000,1055.1522997500342,788.3818589998555,1286.3642199990863,179.0
1789422741,1,,Aggregated,0.000000,0.000000,1100,1200,1200,1200,1300,1300,1300,1300,1300,1300,1300,8,0,1000,1055.1522997500342,788.3818589998555,1286.3642199990863,179.0
1789422742,1,,Aggregated,0.000000,0.000000,1100,1200,1200,1200,1300,1300,1300,1300,1300,1300,1300,8,0,1000,1055.1522997500342,788.3818589998555,1286.3642199990863,179.0
1789422743,1,,Aggregated,0.000000,0.000000,1100,1200,1200,1200,1300,1300,1300,1300,1300,1300,1300,8,0,1000,1055.1522997500342,788.3818589998555,1286.3642199990863,179.0
1789422744,1,,Aggregated,0.000000,0.000000,1100,1200,1200,1200,1300,1300,1300,1300,1300,1300,1300,8,0,1000,1055.1522997500342,788.3818589998555,1286.3642199990863,179.0
1789422745,1,,Aggregated,0.000000,0.000000,1100,1200,1200,1200,1300,1300,1300,1300,1300,1300,1300,8,0,1000,1055.1522997500342,788.3818589998555,1286.3642199990863,179.0
1789422746,1,,Aggregated,0.000000,0.000000,1100,1200,1200,1200,1300,1300,1300,1300,1300,1300,1300,8,0,1000,1055.1522997500342,788.3818589998555,1286.3642199990863,179.0
1789422747,1,,Aggregated,0.000000,0.000000,1100,1200,1200,1200,1300,1300,1300,1300,1300,1300,1300,8,0,1000,1055.1522997500342,788.3818589998555,1286.3642199990863,179.0
1789422748,1,,Aggregated,0.000000,0.000000,1100,1200,1200,1200,1300,1300,1300,1300,1300,1300,1300,8,0,1000,1055.1522997500342,788.3818589998555,1286.3642199990863,179.0
1789422749,1,,Aggregated,0.000000,0.000000,1100,1200,1200,1200,1300,1300,1300,1300,1300,1300,1300,8,0,1000,1055.1522997500342,788.3818589998555,1286.3642199990863,179.0
1789422750,1,,Aggregated,0.000000,0.000000,1100,1200,1200,1200,1300,1300,1300,1300,1300,1300,1300,8,0,1000,1055.1522997500342,788.3818589998555,1286.3642199990863,179.0
1789422751,1,,Aggregated,0.000000,0.000000,1100,1100,1200,1200,1300,1300,1300,1300,1300,1300,1300,9,0,1100,1061.5213652223854,788.3818589998555,1286.3642199990863,179.0
1789422752,1,,Aggregated,0.000000,0.000000,1100,1100,1200,1200,1300,1300,1300,1300,1300,1300,1300,9,0,1100,1061.5213652223854,788.3818589998555,1286.3642199990863,179.0
1789422753,1,,Aggregated,0.000000,0.000000,1100,1100,1200,1200,1300,1300,1300,1300,1300,1300,1300,9,0,1100,1061.5213652223854,788.3818589998555,1286.3642199990863,179.0
1789422754,1,,Aggregated,0.000000,0.000000,1100,1100,1200,1200,1300,1300,1300,1300,1300,1300,1300,9,0,1100,1061.5213652223854,788.3818589998555,1286.3642199990863,179.0
1789422755,1,,Aggregated,0.000000,0.000000,1100,1100,1200,1200,1300,1300,1300,1300,1300,1300,1300,9,0,1100,1061.5213652223854,788.3818589998555,1286.3642199990863,179.0
1789422756,1,,Aggregated,0.000000,0.000000,1100,1100,1200,1200,1300,1300,1300,1300,1300,1300,1300,9,0,1100,1061.5213652223854,788.3818589998555,1286.3642199990863,179.0
1789422757,1,,Aggregated,0.000000,0.000000,1100,1100,1200,1200,1300,1300,1300,1300,1300,1300,1300,9,0,1100,1061.5213652223854,788.3818589998555,1286.3642199990863,179.0
1789422758,1,,Aggregated,0.000000,0.000000,1100,1100,1200,1200,1300,1300,1300,1300,1300,1300,1300,9,0,1100,1061.5213652223854,788.3818589998555,1286.3642199990863,179.0
1789422759,1,,Aggregated,0.000000,0.000000,1100,1100,1200,1200,1300,1300,1300,1300,1300,1300,1300,9,0,1100,1061.5213652223854,788.3818589998555,1286.3642199990863,179.0
1789422760,1,,Aggregated,0.000000,0.000000,1100,1100,1200,1200,1300,1300,1300,1300,1300,1300,1300,9,0,1100,1061.5213652223854,788.3818589998555,1286.3642199990863,179.0
1789422761,1,,Aggregated,0.000000,0.000000,1100,1100,1200,1200,1300,1300,1300,1300,1300,1300,1300,9,0,1100,1061.5213652223854,788.3818589998555,1286.3642199990863,179.0
1789422762,1,,Aggregated,0.000000,0.000000,1100,1100,1200,1200,1300,1300,1300,1300,1300,1300,1300,9,0,1100,1061.5213652223854,788.3818589998555,1286.3642199990863,179.0
1789422763,1,,Aggregated,0.000000,0.000000,1100,1100,1200,1200,1300,1300,1300,1300,1300,1300,1300,9,0,1100,1061.5213652223854,788.3818589998555,1286.3642199990863,179.0
1789422764,1,,Aggregated,0.000000,0.000000,1100,1100,1200,1200,1300,1300,1300,1300,1300,1300,1300,9,0,1100,1061.5213652223854,788.3818589998555,1286.3642199990863,179.0
1789422765,1,,Aggregated,0.000000,0.000000,1100,1100,1200,1200,1300,1300,1300,1300,1300,1300,1300,9,0,1100,1061.5213652223854,788.3818589998555,1286.3642199990863,179.0
1789422766,1,,Aggregated,0.000000,0.000000,1100,1100,1200,1200,1300,1300,1300,1300,1300,1300,1300,9,0,1100,1061.5213652223854,788.3818589998555,1286.3642199990863,179.0
1789422767,1,,Aggregated,0.000000,0.000000,1100,1100,1200,1200,1300,1300,1300,1300,1300,1300,1300,9,0,1100,1061.5213652223854,788.3818589998555,1286.3642199990863,179.0
1789422768,1,,Aggregated,0.000000,0.000000,1100,1100,1200,1200,1300,1300,1300,1300,1300,1300,1300,9,0,1100,1061.5213652223854,788.3818589998555,1286.3642199990863,179.0
1789422769,1,,Aggregated,0.000000,0.000000,1100,1100,1200,1200,1300,1300,1300,1300,1300,1300,1300,9,0,1100,1061.5213652223854,788.3818589998555,1286.3642199990863,179.0
1789422770,1,,Aggregated,0.000000,0.000000,1100,1100,1200,1200,1300,1300,1300,1300,1300,1300,1300,9,0,1100,1061.5213652223854,788.3818589998555,1286.3642199990863,179.0
1789422771,1,,Aggregated,0.000000,0.000000,1100,1100,1200,1200,1300,1300,1300,1300,1300,1300,1300,9,0,1100,1061.5213652223854,788.3818589998555,1286.3642199990863,179.0
1789422772,1,,Aggregated,0.000000,0.000000,1100,1100,1200,1200,1300,1300,1300,1300,1300,1300,1300,9,0,1100,1061.5213652223854,788.3818589998555,1286.3642199990863,179.0
1789422773,1,,Aggregated,0.000000,0.000000,1100,1100,1200,1200,1300,1300,1300,1300,1300,1300,1300,9,0,1100,1061.5213652223854,788.3818589998555,1286.3642199990863,179.0
1789422774,1,,Aggregated,0.000000,0.000000,1100,1100,1200,1200,1300,1300,1300,1300,1300,1300,1300,10,0,1100,1069.2911400999947,788.3818589998555,1286.3642199990863,179.0
1789422775,1,,Aggregated,0.000000,0.000000,1100,1100,1200,1200,1300,1300,1300,1300,1300,1300,1300,10,0,1100,1069.2911400999947,788.3818589998555,1286.3642199990863,179.0
1789422776,1,,Aggregated,0.000000,0.000000,1100,1100,1200,1200,1300,1300,1300,1300,1300,1300,1300,10,0,1100,1069.2911400999947,788.3818589998555,1286.3642199990863,179.0
1789422777,1,,Aggregated,0.000000,0.000000,1100,1100,1200,1200,1300,1300,1300,1300,1300,1300,1300,10,0,1100,1069.2911400999947,788.3818589998555,1286.3642199990863,179.0
1789422778,1,,Aggregated,0.000000,0.000000,1100,1100,1200,1200,1300,1300,1300,1300,1300,1300,1300,10,0,1100,1069.2911400999947,788.3818589998555,1286.3642199990863,179.0
1789422779,1,,Aggregated,0.000000,0.000000,1100,1100,1200,1200,1300,1300,1300,1300,1300,1300,1300,10,0,1100,1069.2911400999947,788.3818589998555,1286.3642199990863,179.0
1789422780,1,,Aggregated,0.000000,0.000000,1100,1100,1200,1200,1300,1300,1300,1300,1300,1300,1300,10,0,1100,1069.2911400999947,788.3818589998555,1286.3642199990863,179.0
1789422781,1,,Aggregated,0.000000,0.000000,1100,1100,1200,1200,1300,1300,1300,1300,1300,1300,1300,10,0,1100,1069.2911400999947,788.3818589998555,1286.3642199990863,179.0
1789422782,1,,Aggregated,0.000000,0.000000,1100,1100,1200,1200,1300,1300,1300,1300,1300,1300,1300,10,0,1100,1069.2911400999947,788.3818589998555,1286.3642199990863,179.0
1789422783,1,,Aggregated,0.000000,0.000000,1100,1100,1200,1200,1300,1300,1300,1300,1300,1300,1300,10,0,1100,1069.2911400999947,788.3818589998555,1286.3642199990863,179.0
1789422784,1,,Aggregated,0.000000,0.000000,1100,1100,1200,1200,1300,1300,1300,1300,1300,1300,1300,10,0,1100,1069.2911400999947,788.3818589998555,1286.3642199990863,179.0
1789422785,1,,Aggregated,0.000000,0.000000,1100,1100,1200,1200,1300,1300,1300,1300,1300,1300,1300,10,0,1100,1069.2911400999947,788.3818589998555,1286.3642199990863,179.0
1789422786,1,,Aggregated,0.000000,0.000000,1100,1100,1200,1200,1300,1300,1300,1300,1300,1300,1300,10,0,1100,1069.2911400999947,788.3818589998555,1286.3642199990863,179.0
1789422787,1,,Aggregated,0.000000,0.000000,1100,1100,1200,1200,1300,1300,1300,1300,1300,1300,1300,10,0,1100,1069.2911400999947,788.3818589998555,1286.3642199990863,179.0
1789422788,1,,Aggregated,0.000000,0.000000,1100,1100,1200,1200,1300,1300,1300,1300,1300,1300,1300,10,0,1100,1069.2911400999947,788.3818589998555,1286.3642199990863,179.0
1789422789,1,,Aggregated,0.000000,0.000000,1100,1100,1200,1200,1300,1300,1300,1300,1300,1300,1300,10,0,1100,1069.2911400999947,788.3818589998555,1286.3642199990863,179.0
1789422790,1,,Aggregated,0.000000,0.000000,1100,1100,1200,1200,1300,1300,1300,1300,1300,1300,1300,10,0,1100,1069.2911400999947,788.3818589998555,1286.3642199990863,179.0
1789422791,1,,Aggregated,0.000000,0.000000,1100,1100,1200,1200,1300,1300,1300,1300,1300,1300,1300,10,0,1100,1069.2911400999947,788.3818589998555,1286.3642199990863,179.0
1789422792,1,,Aggregated,0.000000,0.000000,1100,1100,1200,1200,1300,1300,1300,1300,1300,1300,1300,10,0,1100,1069.2911400999947,788.3818589998555,1286.3642199990863,179.0
1789422793,1,,Aggregated,0.000000,0.000000,1100,1100,1200,1200,1300,1300,1300,1300,1300,1300,1300,10,0,1100,1069.2911400999947,788.3818589998555,1286.3642199990863,179.0
1789422794,1,,Aggregated,0.000000,0.000000,1100,1100,1200,1200,1300,1300,1300,1300,1300,1300,1300,10,0,1100,1069.2911400999947,788.3818589998555,1286.3642199990863,179.0
1789422795,1,,Aggregated,0.000000,0.000000,1100,1100,1200,1200,1300,1300,1300,1300,1300,1300,1300,10,0,1100,1069.2911400999947,788.3818589998555,1286.3642199990863,179.0
1789422796,1,,Aggregated,0.000000,0.000000,1100,1100,1200,1200,1300,1300,1300,1300,1300,1300,1300,10,0,1100,1069.2911400999947,788.3818589998555,1286.3642199990863,179.0
1789422797,1,,Aggregated,0.000000,0.000000,1100,1100,1200,1200,1300,1300,1300,1300,1300,1300,1300,10,0,1100,1069.2911400999947,788.3818589998555,1286.3642199990863,179.0
1789422798,1,,Aggregated,0.000000,0.000000,1100,1100,1200,1200,1300,1300,1300,1300,1300,1300,1300,10,0,1100,1069.2911400999947,788.3818589998555,1286.3642199990863,179.0
1789422799,1,,Aggregated,0.000000,0.000000,1100,1100,1200,1200,1300,1300,1300,1300,1300,1300,1300,10,0,1100,1069.2911400999947,788.3818589998555,1286.3642199990863,179.0
1789422800,1,,Aggregated,0.000000,0.000000,1100,1100,1200,1200,1300,1300,1300,1300,1300,1300,1300,10,0,1100,1069.2911400999947,788.3818589998555,1286.3642199990863,179.0
1789422801,1,,Aggregated,0.000000,0.000000,1100,1100,1200,1200,1300,1300,1300,1300,1300,1300,1300,10,0,1100,1069.2911400999947,788.3818589998555,1286.3642199990863,179.0
1789422802,1,,Aggregated,0.000000,0.000000,1100,1100,1200,1200,1300,1300,1300,1300,1300,1300,1300,10,0,1100,1069.2911400999947,788.3818589998555,1286.3642199990863,179.0
1789422803,1,,Aggregated,0.000000,0.000000,1100,1100,1200,1200,1200,1300,1300,1300,1300,1300,1300,11,0,1100,1067.9332146363859,788.3818589998555,1286.3642199990863,179.0
1789422804,1,,Aggregated,0.000000,0.000000,1100,1100,1200,1200,1200,1300,1300,1300,1300,1300,1300,11,0,1100,1067.9332146363859,788.3818589998555,1286.3642199990863,179.0
1789422805,1,,Aggregated,0.000000,0.000000,1100,1100,1200,1200,1200,1300,1300,1300,1300,1300,1300,11,0,1100,1067.9332146363859,788.3818589998555,1286.3642199990863,179.0
1789422806,1,,Aggregated,0.000000,0.000000,1100,1100,1200,1200,1200,1300,1300,1300,1300,1300,1300,11,0,1100,1067.9332146363859,788.3818589998555,1286.3642199990863,179.0
1789422807,1,,Aggregated,0.000000,0.000000,1100,1100,1200,1200,1200,1300,1300,1300,1300,1300,1300,11,0,1100,1067.9332146363859,788.3818589998555,1286.3642199990863,179.0
1789422808,1,,Aggregated,0.000000,0.000000,1100,1100,1200,1200,1200,1300,1300,1300,1300,1300,1300,11,0,1100,1067.9332146363859,788.3818589998555,1286.3642199990863,179.0
1789422809,1,,Aggregated,0.000000,0.000000,1100,1100,1200,1200,1200,1300,1300,1300,1300,1300,1300,11,0,1100,1067.9332146363859,788.3818589998555,1286.3642199990863,179.0
1789422810,1,,Aggregated,0.000000,0.000000,1100,1100,1200,1200,1200,1300,1300,1300,1300,1300,1300,11,0,1100,1067.9332146363859,788.3818589998555,1286.3642199990863,179.0
1789422811,1,,Aggregated,0.000000,0.000000,1100,1100,1200,1200,1200,1300,1300,1300,1300,1300,1300,11,0,1100,1067.9332146363859,788.3818589998555,1286.3642199990863,179.0
1789422812,1,,Aggregated,0.000000,0.000000,1100,1100,1200,1200,1200,1300,1300,1300,1300,1300,1300,11,0,1100,1067.9332146363859,788.3818589998555,1286.3642199990863,179.0
1789422813,1,,Aggregated,0.000000,0.000000,1100,1100,1200,1200,1200,1300,1300,1300,1300,1300,1300,11,0,1100,1067.9332146363859,788.3818589998555,1286.3642199990863,179.0
1789422814,1,,Aggregated,0.000000,0.000000,1100,1100,1200,1200,1200,1300,1300,1300,1300,1300,1300,11,0,1100,1067.9332146363859,788.3818589998555,1286.3642199990863,179.0
1789422815,1,,Aggregated,0.000000,0.000000,1100,1100,1200,1200,1200,1300,1300,1300,1300,1300,1300,11,0,1100,1067.9332146363859,788.3818589998555,1286.3642199990863,179.0
1789422816,1,,Aggregated,0.000000,0.000000,1100,1100,1200,1200,1200,1300,1300,1300,1300,1300,1300,11,0,1100,1067.9332146363859,788.3818589998555,1286.3642199990863,179.0
1789422817,1,,Aggregated,0.000000,0.000000,1100,1100,1200,1200,1200,1300,1300,1300,1300,1300,1300,11,0,1100,1067.9332146363859,788.3818589998555,1286.3642199990863,179.0
1789422818,1,,Aggregated,0.000000,0.000000,1100,1100,1200,1200,1200,1300,1300,1300,1300,1300,1300,11,0,1100,1067.9332146363859,788.3818589998555,1286.3642199990863,179.0
1789422819,1,,Aggregated,0.000000,0.000000,1100,1100,1200,1200,1200,1300,1300,1300,1300,1300,1300,11,0,1100,1067.9332146363859,788.3818589998555,1286.3642199990863,179.0
1789422820,1,,Aggregated,0.000000,0.000000,1100,1100,1200,1200,1200,1300,1300,1300,1300,1300,1300,11,0,1100,1067.9332146363859,788.3818589998555,1286.3642199990863,179.0
1789422821,1,,Aggregated,0.000000,0.000000,1100,1100,1200,1200,1200,1300,1300,1300,1300,1300,1300,11,0,1100,1067.9332146363859,788.3818589998555,1286.3642199990863,179.0
1789422822,1,,Aggregated,0.000000,0.000000,1100,1100,1200,1200,1200,1300,1300,1300,1300,1300,1300,11,0,1100,1067.9332146363859,788.3818589998555,1286.3642199990863,179.0
1789422823,1,,Aggregated,0.000000,0.000000,1100,1100,1200,1200,1200,1300,1300,1300,1300,1300,1300,11,0,1100,1067.9332146363859,788.3818589998555,1286.3642199990863,179.0
1789422824,1,,Aggregated,0.000000,0.000000,1100,1100,1200,1200,1200,1300,1300,1300,1300,1300,1300,11,0,1100,1067.9332146363859,788.3818589998555,1286.3642199990863,179.0
1789422825,1,,Aggregated,0.000000,0.000000,1100,1100,1200,1200,1200,1300,1300,1300,1300,1300,1300,11,0,1100,1067.9332146363859,788.3818589998555,1286.3642199990863,179.0
1789422826,1,,Aggregated,0.000000,0.000000,1100,1100,1200,1200,1200,1300,1300,1300,1300,1300,1300,11,0,1100,1067.9332146363859,788.3818589998555,1286.3642199990863,179.0
1789422827,1,,Aggregated,0.000000,0.000000,1100,1100,1200,1200,1200,1300,1300,1300,1300,1300,1300,11,0,1100,1067.9332146363859,788.3818589998555,1286.3642199990863,179.0
1789422828,1,,Aggregated,0.000000,0.000000,1100,1100,1200,1200,1200,1300,1300,1300,1300,1300,1300,11,0,1100,1067.9332146363859,788.3818589998555,1286.3642199990863,179.0
1789422829,1,,Aggregated,0.000000,0.000000,1100,1100,1200,1200,1200,1300,1300,1300,1300,1300,1300,11,0,1100,1067.9332146363859,788.3818589998555,1286.3642199990863,179.0
1789422830,1,,Aggregated,0.000000,0.000000,1100,1100,1200,1200,1200,1300,1300,1300,1300,1300,1300,11,0,1100,1067.9332146363859,788.3818589998555,1286.3642199990863,179.0
1789422831,1,,Aggregated,0.000000,0.000000,1100,1100,1200,1200,1200,1300,1300,1300,1300,1300,1300,11,0,1100,1067.9332146363859,788.3818589998555,1286.3642199990863,179.0
1789422832,1,,Aggregated,0.000000,0.000000,1100,1100,1200,1200,1200,1300,1300,1300,1300,1300,1300,12,0,1100,1071.3550544999937,788.3818589998555,1286.3642199990863,179.0
1789422833,1,,Aggregated,0.000000,0.000000,1100,1100,1200,1200,1200,1300,1300,1300,1300,1300,1300,12,0,1100,1071.3550544999937,788.3818589998555,1286.3642199990863,179.0
1789422834,1,,Aggregated,0.000000,0.000000,1100,1100,1200,1200,1200,1300,1300,1300,1300,1300,1300,12,0,1100,1071.3550544999937,788.3818589998555,1286.3642199990863,179.0
1789422835,1,,Aggregated,0.000000,0.000000,1100,1100,1200,1200,1200,1300,1300,1300,1300,1300,1300,12,0,1100,1071.3550544999937,788.3818589998555,1286.3642199990863,179.0
1789422836,1,,Aggregated,0.000000,0.000000,1100,1100,1200,1200,1200,1300,1300,1300,1300,1300,1300,12,0,1100,1071.3550544999937,788.3818589998555,1286.3642199990863,179.0
1789422837,1,,Aggregated,0.000000,0.000000,1100,1100,1200,1200,1200,1300,1300,1300,1300,1300,1300,12,0,1100,1071.3550544999937,788.3818589998555,1286.3642199990863,179.0
1789422838,1,,Aggregated,0.000000,0.000000,1100,1100,1200,1200,1200,1300,1300,1300,1300,1300,1300,12,0,1100,1071.3550544999937,788.3818589998555,1286.3642199990863,179.0
1789422839,1,,Aggregated,0.000000,0.000000,1100,1100,1200,1200,1200,1300,1300,1300,1300,1300,1300,12,0,1100,1071.3550544999937,788.3818589998555,1286.3642199990863,179.0
1789422840,1,,Aggregated,0.000000,0.000000,1100,1100,1200,1200,1200,1300,1300,1300,1300,1300,1300,12,0,1100,1071.3550544999937,788.3818589998555,1286.3642199990863,179.0
1789422841,1,,Aggregated,0.000000,0.000000,1100,1100,1200,1200,1200,1300,1300,1300,1300,1300,1300,12,0,1100,1071.3550544999937,788.3818589998555,1286.3642199990863,179.0
1789422842,1,,Aggregated,0.000000,0.000000,1100,1100,1200,1200,1200,1300,1300,1300,1300,1300,1300,12,0,1100,1071.3550544999937,788.3818589998555,1286.3642199990863,179.0
1789422843,1,,Aggregated,0.000000,0.000000,1100,1100,1200,1200,1200,1300,1300,1300,1300,1300,1300,12,0,1100,1071.3550544999937,788.3818589998555,1286.3642199990863,179.0
1789422844,1,,Aggregated,0.000000,0.000000,1100,1100,1200,1200,1200,1300,1300,1300,1300,1300,1300,12,0,1100,1071.3550544999937,788.3818589998555,1286.3642199990863,179.0
1789422845,1,,Aggregated,0.000000,0.000000,1100,1100,1200,1200,1200,1300,1300,1300,1300,1300,1300,12,0,1100,1071.3550544999937,788.3818589998555,1286.3642199990863,179.0
1789422846,1,,Aggregated,0.000000,0.000000,1100,1100,1200,1200,1200,1300,1300,1300,1300,1300,1300,12,0,1100,1071.3550544999937,788.3818589998555,1286.3642199990863,179.0
1789422847,1,,Aggregated,0.000000,0.000000,1100,1100,1200,1200,1200,1300,1300,1300,1300,1300,1300,12,0,1100,1071.3550544999937,788.3818589998555,1286.3642199990863,179.0
1789422848,1,,Aggregated,0.000000,0.000000,1100,1100,1200,1200,1200,1300,1300,1300,1300,1300,1300,12,0,1100,1071.3550544999937,788.3818589998555,1286.3642199990863,179.0
1789422849,1,,Aggregated,0.000000,0.000000,1100,1100,1200,1200,1200,1300,1300,1300,1300,1300,1300,12,0,1100,1071.3550544999937,788.3818589998555,1286.3642199990863,179.0
1789422850,1,,Aggregated,0.000000,0.000000,1100,1100,1200,1200,1200,1300,1300,1300,1300,1300,1300,12,0,1100,1071.3550544999937,788.3818589998555,1286.3642199990863,179.0
1789422851,1,,Aggregated,0.000000,0.000000,1100,1100,1200,1200,1200,1300,1300,1300,1300,1300,1300,12,0,1100,1071.3550544999937,788.3818589998555,1286.3642199990863,179.0
1789422852,1,,Aggregated,0.000000,0.000000,1100,1100,1200,1200,1200,1300,1300,1300,1300,1300,1300,12,0,1100,1071.3550544999937,788.3818589998555,1286.3642199990863,179.0
1789422853,1,,Aggregated,0.000000,0.000000,1100,1100,1200,1200,1200,1300,1300,1300,1300,1300,1300,12,0,1100,1071.3550544999937,788.3818589998555,1286.3642199990863,179.0
1789422854,1,,Aggregated,0.000000,0.000000,1100,1100,1200,1200,1200,1300,1300,1300,1300,1300,1300,12,0,1100,1071.3550544999937,788.3818589998555,1286.3642199990863,179.0
1789422855,1,,Aggregated,0.000000,0.000000,1100,1100,1200,1200,1200,1300,1300,1300,1300,1300,1300,12,0,1100,1071.3550544999937,788.3818589998555,1286.3642199990863,179.0
1789422856,1,,Aggregated,0.000000,0.000000,1100,1100,1200,1200,1200,1300,1300,1300,1300,1300,1300,12,0,1100,1071.3550544999937,788.3818589998555,1286.3642199990863,179.0
1789422857,1,,Aggregated,0.000000,0.000000,1100,1100,1200,1200,1200,1300,1300,1300,1300,1300,1300,12,0,1100,1071.3550544999937,788.3818589998555,1286.3642199990863,179.0
1789422858,1,,Aggregated,0.000000,0.000000,1100,1100,1200,1200,1200,1300,1300,1300,1300,1300,1300,12,0,1100,1071.3550544999937,788.3818589998555,1286.3642199990863,179.0
1789422859,1,,Aggregated,0.000000,0.000000,1100,1100,1200,1200,1200,1300,1300,1300,1300,1300,1300,12,0,1100,1071.3550544999937,788.3818589998555,1286.3642199990863,179.0
1789422860,1,,Aggregated,0.000000,0.000000,1100,1100,1200,1200,1300,1300,1300,1300,1300,1300,1300,13,0,1100,1085.365133461472,788.3818589998555,1286.3642199990863,179.0
1789422861,1,,Aggregated,0.000000,0.000000,1100,1100,1200,1200,1300,1300,1300,1300,1300,1300,1300,13,0,1100,1085.365133461472,788.3818589998555,1286.3642199990863,179.0
1789422862,1,,Aggregated,0.000000,0.000000,1100,1100,1200,1200,1300,1300,1300,1300,1300,1300,1300,13,0,1100,1085.365133461472,788.3818589998555,1286.3642199990863,179.0
1789422863,1,,Aggregated,0.000000,0.000000,1100,1100,1200,1200,1300,1300,1300,1300,1300,1300,1300,13,0,1100,1085.365133461472,788.3818589998555,1286.3642199990863,179.0
1789422864,1,,Aggregated,0.000000,0.000000,1100,1100,1200,1200,1300,1300,1300,1300,1300,1300,1300,13,0,1100,1085.365133461472,788.3818589998555,1286.3642199990863,179.0
1789422865,1,,Aggregated,0.000000,0.000000,1100,1100,1200,1200,1300,1300,1300,1300,1300,1300,1300,13,0,1100,1085.365133461472,788.3818589998555,1286.3642199990863,179.0
1789422866,1,,Aggregated,0.000000,0.000000,1100,1100,1200,1200,1300,1300,1300,1300,1300,1300,1300,13,0,1100,1085.365133461472,788.3818589998555,1286.3642199990863,179.0
1789422867,1,,Aggregated,0.000000,0.000000,1100,1100,1200,1200,1300,1300,1300,1300,1300,1300,1300,13,0,1100,1085.365133461472,788.3818589998555,1286.3642199990863,179.0
1789422868,1,,Aggregated,0.000000,0.000000,1100,1100,1200,1200,1300,1300,1300,1300,1300,1300,1300,13,0,1100,1085.365133461472,788.3818589998555,1286.3642199990863,179.0
1789422869,1,,Aggregated,0.000000,0.000000,1100,1100,1200,1200,1300,1300,1300,1300,1300,1300,1300,13,0,1100,1085.365133461472,788.3818589998555,1286.3642199990863,179.0
1789422870,1,,Aggregated,0.000000,0.000000,1100,1100,1200,1200,1300,1300,1300,1300,1300,1300,1300,13,0,1100,1085.365133461472,788.3818589998555,1286.3642199990863,179.0
1789422871,1,,Aggregated,0.000000,0.000000,1100,1100,1200,1200,1300,1300,1300,1300,1300,1300,1300,13,0,1100,1085.365133461472,788.3818589998555,1286.3642199990863,179.0
1789422872,1,,Aggregated,0.000000,0.000000,1100,1100,1200,1200,1300,1300,1300,1300,1300,1300,1300,13,0,1100,1085.365133461472,788.3818589998555,1286.3642199990863,179.0
1789422873,1,,Aggregated,0.000000,0.000000,1100,1100,1200,1200,1300,1300,1300,1300,1300,1300,1300,13,0,1100,1085.365133461472,788.3818589998555,1286.3642199990863,179.0
1789422874,1,,Aggregated,0.000000,0.000000,1100,1100,1200,1200,1300,1300,1300,1300,1300,1300,1300,13,0,1100,1085.365133461472,788.3818589998555,1286.3642199990863,179.0
1789422875,1,,Aggregated,0.000000,0.000000,1100,1100,1200,1200,1300,1300,1300,1300,1300,1300,1300,13,0,1100,1085.365133461472,788.3818589998555,1286.3642199990863,179.0
1789422876,1,,Aggregated,0.000000,0.000000,1100,1100,1200,1200,1300,1300,1300,1300,1300,1300,1300,13,0,1100,1085.365133461472,788.3818589998555,1286.3642199990863,179.0
1789422877,1,,Aggregated,0.000000,0.000000,1100,1100,1200,1200,1300,1300,1300,1300,1300,1300,1300,13,0,1100,1085.365133461472,788.3818589998555,1286.3642199990863,179.0
1789422878,1,,Aggregated,0.000000,0.000000,1100,1100,1200,1200,1300,1300,1300,1300,1300,1300,1300,13,0,1100,1085.365133461472,788.3818589998555,1286.3642199990863,179.0
1789422879,1,,Aggregated,0.000000,0.000000,1100,1100,1200,1200,1300,1300,1300,1300,1300,1300,1300,13,0,1100,1085.365133461472,788.3818589998555,1286.3642199990863,179.0
1789422880,1,,Aggregated,0.000000,0.000000,1100,1100,1200,1200,1300,1300,1300,1300,1300,1300,1300,13,0,1100,1085.365133461472,788.3818589998555,1286.3642199990863,179.0
1789422881,1,,Aggregated,0.000000,0.000000,1100,1100,1200,1200,1300,1300,1300,1300,1300,1300,1300,13,0,1100,1085.365133461472,788.3818589998555,1286.3642199990863,179.0
1789422882,1,,Aggregated,0.000000,0.000000,1100,1100,1200,1200,1300,1300,1300,1300,1300,1300,1300,13,0,1100,1085.365133461472,788.3818589998555,1286.3642199990863,179.0
1789422883,1,,Aggregated,0.000000,0.000000,1100,1100,1200,1200,1300,1300,1300,1300,1300,1300,1300,13,0,1100,1085.365133461472,788.3818589998555,1286.3642199990863,179.0
1789422884,1,,Aggregated,0.000000,0.000000,1100,1100,1200,1200,1300,1300,1300,1300,1300,1300,1300,13,0,1100,1085.365133461472,788.3818589998555,1286.3642199990863,179.0
1789422885,1,,Aggregated,0.000000,0.000000,1100,1100,1200,1200,1300,1300,1300,1300,1300,1300,1300,13,0,1100,1085.365133461472,788.3818589998555,1286.3642199990863,179.0
1789422886,1,,Aggregated,0.000000,0.000000,1100,1100,1200,1200,1300,1300,1300,1300,1300,1300,1300,14,0,1100,1081.980141785607,788.3818589998555,1286.3642199990863,179.0
1789422887,1,,Aggregated,0.000000,0.000000,1100,1100,1200,1200,1300,1300,1300,1300,1300,1300,1300,14,0,1100,1081.980141785607,788.3818589998555,1286.3642199990863,179.0
1789422888,1,,Aggregated,0.000000,0.000000,1100,1100,1200,1200,1300,1300,1300,1300,1300,1300,1300,14,0,1100,1081.980141785607,788.3818589998555,1286.3642199990863,179.0
1789422889,1,,Aggregated,0.000000,0.000000,1100,1100,1200,1200,1300,1300,1300,1300,1300,1300,1300,14,0,1100,1081.980141785607,788.3818589998555,1286.3642199990863,179.0
1789422890,1,,Aggregated,0.000000,0.000000,1100,1100,1200,1200,1300,1300,1300,1300,1300,1300,1300,14,0,1100,1081.980141785607,788.3818589998555,1286.3642199990863,179.0
1789422891,1,,Aggregated,0.000000,0.000000,1100,1100,1200,1200,1300,1300,1300,1300,1300,1300,1300,14,0,1100,1081.980141785607,788.3818589998555,1286.3642199990863,179.0
1789422892,1,,Aggregated,0.000000,0.000000,1100,1100,1200,1200,1300,1300,1300,1300,1300,1300,1300,14,0,1100,1081.980141785607,788.3818589998555,1286.3642199990863,179.0
1789422893,1,,Aggregated,0.000000,0.000000,1100,1100,1200,1200,1300,1300,1300,1300,1300,1300,1300,14,0,1100,1081.980141785607,788.3818589998555,1286.3642199990863,179.0
1789422894,1,,Aggregated,0.000000,0.000000,1100,1100,1200,1200,1300,1300,1300,1300,1300,1300,1300,14,0,1100,1081.980141785607,788.3818589998555,1286.3642199990863,179.0
1789422895,1,,Aggregated,0.000000,0.000000,1100,1100,1200,1200,1300,1300,1300,1300,1300,1300,1300,14,0,1100,1081.980141785607,788.3818589998555,1286.3642199990863,179.0
1789422896,1,,Aggregated,0.000000,0.000000,1100,1100,1200,1200,1300,1300,1300,1300,1300,1300,1300,14,0,1100,1081.980141785607,788.3818589998555,1286.3642199990863,179.0
1789422897,1,,Aggregated,0.000000,0.000000,1100,1100,1200,1200,1300,1300,1300,1300,1300,1300,1300,14,0,1100,1081.980141785607,788.3818589998555,1286.3642199990863,179.0
1789422898,1,,Aggregated,0.000000,0.000000,1100,1100,1200,1200,1300,1300,1300,1300,1300,1300,1300,14,0,1100,1081.980141785607,788.3818589998555,1286.3642199990863,179.0
1789422899,1,,Aggregated,0.000000,0.000000,1100,1100,1200,1200,1300,1300,1300,1300,1300,1300,1300,14,0,1100,1081.980141785607,788.3818589998555,1286.3642199990863,179.0
1789422900,1,,Aggregated,0.000000,0.000000,1100,1100,1200,1200,1300,1300,1300,1300,1300,1300,1300,14,0,1100,1081.980141785607,788.3818589998555,1286.3642199990863,179.0
1789422901,1,,Aggregated,0.000000,0.000000,1100,1100,1200,1200,1300,1300,1300,1300,1300,1300,1300,14,0,1100,1081.980141785607,788.3818589998555,1286.3642199990863,179.0
1789422902,1,,Aggregated,0.000000,0.000000,1100,1100,1200,1200,1300,1300,1300,1300,1300,1300,1300,14,0,1100,1081.980141785607,788.3818589998555,1286.3642199990863,179.0
1789422903,1,,Aggregated,0.000000,0.000000,1100,1100,1200,1200,1300,1300,1300,1300,1300,1300,1300,14,0,1100,1081.980141785607,788.3818589998555,1286.3642199990863,179.0
1789422904,1,,Aggregated,0.000000,0.000000,1100,1100,1200,1200,1300,1300,1300,1300,1300,1300,1300,14,0,1100,1081.980141785607,788.3818589998555,1286.3642199990863,179.0
1789422905,1,,Aggregated,0.000000,0.000000,1100,1100,1200,1200,1300,1300,1300,1300,1300,1300,1300,14,0,1100,1081.980141785607,788.3818589998555,1286.3642199990863,179.0
1789422906,1,,Aggregated,0.000000,0.000000,1100,1100,1200,1200,1300,1300,1300,1300,1300,1300,1300,14,0,1100,1081.980141785607,788.3818589998555,1286.3642199990863,179.0
1789422907,1,,Aggregated,0.000000,0.000000,1100,1100,1200,1200,1300,1300,1300,1300,1300,1300,1300,14,0,1100,1081.980141785607,788.3818589998555,1286.3642199990863,179.0
1789422908,1,,Aggregated,0.000000,0.000000,1100,1100,1200,1200,1300,1300,1300,1300,1300,1300,1300,14,0,1100,1081.980141785607,788.3818589998555,1286.3642199990863,179.0
1789422909,1,,Aggregated,0.000000,0.000000,1100,1100,1200,1200,1300,1300,1300,1300,1300,1300,1300,14,0,1100,1081.980141785607,788.3818589998555,1286.3642199990863,179.0
1789422910,1,,Aggregated,0.000000,0.000000,1100,1100,1200,1200,1300,1300,1300,1300,1300,1300,1300,15,0,1100,1079.6738912665508,788.3818589998555,1286.3642199990863,179.0
1789422911,1,,Aggregated,0.000000,0.000000,1100,1100,1200,1200,1300,1300,1300,1300,1300,1300,1300,15,0,1100,1079.6738912665508,788.3818589998555,1286.3642199990863,179.0
1789422912,1,,Aggregated,0.000000,0.000000,1100,1100,1200,1200,1300,1300,1300,1300,1300,1300,1300,15,0,1100,1079.6738912665508,788.3818589998555,1286.3642199990863,179.0
1789422913,1,,Aggregated,0.000000,0.000000,1100,1100,1200,1200,1300,1300,1300,1300,1300,1300,1300,15,0,1100,1079.6738912665508,788.3818589998555,1286.3642199990863,179.0
1789422914,1,,Aggregated,0.000000,0.000000,1100,1100,1200,1200,1300,1300,1300,1300,1300,1300,1300,15,0,1100,1079.6738912665508,788.3818589998555,1286.3642199990863,179.0
1789422915,1,,Aggregated,0.000000,0.000000,1100,1100,1200,1200,1300,1300,1300,1300,1300,1300,1300,15,0,1100,1079.6738912665508,788.3818589998555,1286.3642199990863,179.0
1789422916,1,,Aggregated,0.000000,0.000000,1100,1100,1200,1200,1300,1300,1300,1300,1300,1300,1300,15,0,1100,1079.6738912665508,788.3818589998555,1286.3642199990863,179.0
1789422917,1,,Aggregated,0.000000,0.000000,1100,1100,1200,1200,1300,1300,1300,1300,1300,1300,1300,15,0,1100,1079.6738912665508,788.3818589998555,1286.3642199990863,179.0
1789422918,1,,Aggregated,0.000000,0.000000,1100,1100,1200,1200,1300,1300,1300,1300,1300,1300,1300,15,0,1100,1079.6738912665508,788.3818589998555,1286.3642199990863,179.0
1789422919,1,,Aggregated,0.000000,0.000000,1100,1100,1200,1200,1300,1300,1300,1300,1300,1300,1300,15,0,1100,1079.6738912665508,788.3818589998555,1286.3642199990863,179.0
1789422920,1,,Aggregated,0.000000,0.000000,1100,1100,1200,1200,1300,1300,1300,1300,1300,1300,1300,15,0,1100,1079.6738912665508,788.3818589998555,1286.3642199990863,179.0
1789422921,1,,Aggregated,0.000000,0.000000,1100,1100,1200,1200,1300,1300,1300,1300,1300,1300,1300,15,0,1100,1079.6738912665508,788.3818589998555,1286.3642199990863,179.0
1789422922,1,,Aggregated,0.000000,0.000000,1100,1100,1200,1200,1300,1300,1300,1300,1300,1300,1300,15,0,1100,1079.6738912665508,788.3818589998555,1286.3642199990863,179.0
1789422923,1,,Aggregated,0.000000,0.000000,1100,1100,1200,1200,1300,1300,1300,1300,1300,1300,1300,15,0,1100,1079.6738912665508,788.3818589998555,1286.3642199990863,179.0
1789422924,1,,Aggregated,0.000000,0.000000,1100,1100,1200,1200,1300,1300,1300,1300,1300,1300,1300,15,0,1100,1079.6738912665508,788.3818589998555,1286.3642199990863,179.0
1789422925,1,,Aggregated,0.000000,0.000000,1100,1100,1200,1200,1300,1300,1300,1300,1300,1300,1300,15,0,1100,1079.6738912665508,788.3818589998555,1286.3642199990863,179.0
1789422926,1,,Aggregated,0.000000,0.000000,1100,1100,1200,1200,1300,1300,1300,1300,1300,1300,1300,15,0,1100,1079.6738912665508,788.3818589998555,1286.3642199990863,179.0
1789422927,1,,Aggregated,0.000000,0.000000,1100,1100,1200,1200,1300,1300,1300,1300,1300,1300,1300,15,0,1100,1079.6738912665508,788.3818589998555,1286.3642199990863,179.0
1789422928,1,,Aggregated,0.000000,0.000000,1100,1100,1200,1200,1300,1300,1300,1300,1300,1300,1300,15,0,1100,1079.6738912665508,788.3818589998555,1286.3642199990863,179.0
1789422929,1,,Aggregated,0.000000,0.000000,1100,1100,1200,1200,1300,1300,1300,1300,1300,1300,1300,15,0,1100,1079.6738912665508,788.3818589998555,1286.3642199990863,179.0
1789422930,1,,Aggregated,0.000000,0.000000,1100,1100,1200,1200,1300,1300,1300,1300,1300,1300,1300,15,0,1100,1079.6738912665508,788.3818589998555,1286.3642199990863,179.0
1789422931,1,,Aggregated,0.000000,0.000000,1100,1100,1200,1200,1300,1300,1300,1300,1300,1300,1300,15,0,1100,1079.6738912665508,788.3818589998555,1286.3642199990863,179.0
1789422932,1,,Aggregated,0.000000,0.000000,1100,1100,1200,1200,1300,1300,1300,1300,1300,1300,1300,15,0,1100,1079.6738912665508,788.3818589998555,1286.3642199990863,179.0
1789422933,1,,Aggregated,0.000000,0.000000,1100,1100,1200,1200,1300,1300,1300,1300,1300,1300,1300,16,0,1100,1073.6151119374426,788.3818589998555,1286.3642199990863,179.0
1789422934,1,,Aggregated,0.000000,0.000000,1100,1100,1200,1200,1300,1300,1300,1300,1300,1300,1300,16,0,1100,1073.6151119374426,788.3818589998555,1286.3642199990863,179.0
1789422935,1,,Aggregated,0.000000,0.000000,1100,1100,1200,1200,1300,1300,1300,1300,1300,1300,1300,16,0,1100,1073.6151119374426,788.3818589998555,1286.3642199990863,179.0
1789422936,1,,Aggregated,0.000000,0.000000,1100,1100,1200,1200,1300,1300,1300,1300,1300,1300,1300,16,0,1100,1073.6151119374426,788.3818589998555,1286.3642199990863,179.0
1789422937,1,,Aggregated,0.000000,0.000000,1100,1100,1200,1200,1300,1300,1300,1300,1300,1300,1300,16,0,1100,1073.6151119374426,788.3818589998555,1286.3642199990863,179.0
1789422938,1,,Aggregated,0.000000,0.000000,1100,1100,1200,1200,1300,1300,1300,1300,1300,1300,1300,16,0,1100,1073.6151119374426,788.3818589998555,1286.3642199990863,179.0
1789422939,1,,Aggregated,0.000000,0.000000,1100,1100,1200,1200,1300,1300,1300,1300,1300,1300,1300,16,0,1100,1073.6151119374426,788.3818589998555,1286.3642199990863,179.0
1789422940,1,,Aggregated,0.000000,0.000000,1100,1100,1200,1200,1300,1300,1300,1300,1300,1300,1300,16,0,1100,1073.6151119374426,788.3818589998555,1286.3642199990863,179.0
1789422941,1,,Aggregated,0.000000,0.000000,1100,1100,1200,1200,1300,1300,1300,1300,1300,1300,1300,16,0,1100,1073.6151119374426,788.3818589998555,1286.3642199990863,179.0
1789422942,1,,Aggregated,0.000000,0.000000,1100,1100,1200,1200,1300,1300,1300,1300,1300,1300,1300,16,0,1100,1073.6151119374426,788.3818589998555,1286.3642199990863,179.0
1789422943,1,,Aggregated,0.000000,0.000000,1100,1100,1200,1200,1300,1300,1300,1300,1300,1300,1300,16,0,1100,1073.6151119374426,788.3818589998555,1286.3642199990863,179.0
1789422944,1,,Aggregated,0.000000,0.000000,1100,1100,1200,1200,1300,1300,1300,1300,1300,1300,1300,16,0,1100,1073.6151119374426,788.3818589998555,1286.3642199990863,179.0
1789422945,1,,Aggregated,0.000000,0.000000,1100,1100,1200,1200,1300,1300,1300,1300,1300,1300,1300,16,0,1100,1073.6151119374426,788.3818589998555,1286.3642199990863,179.0
1789422946,1,,Aggregated,0.000000,0.000000,1100,1100,1200,1200,1300,1300,1300,1300,1300,1300,1300,16,0,1100,1073.6151119374426,788.3818589998555,1286.3642199990863,179.0
1789422947,1,,Aggregated,0.000000,0.000000,1100,1100,1200,1200,1300,1300,1300,1300,1300,1300,1300,16,0,1100,1073.6151119374426,788.3818589998555,1286.3642199990863,179.0
1789422948,1,,Aggregated,0.000000,0.000000,1100,1100,1200,1200,1300,1300,1300,1300,1300,1300,1300,16,0,1100,1073.6151119374426,788.3818589998555,1286.3642199990863,179.0
1789422949,1,,Aggregated,0.000000,0.000000,1100,1100,1200,1200,1300,1300,1300,1300,1300,1300,1300,16,0,1100,1073.6151119374426,788.3818589998555,1286.3642199990863,179.0
1789422950,1,,Aggregated,0.000000,0.000000,1100,1100,1200,1200,1300,1300,1300,1300,1300,1300,1300,16,0,1100,1073.6151119374426,788.3818589998555,1286.3642199990863,179.0
1789422951,1,,Aggregated,0.000000,0.000000,1100,1100,1200,1200,1300,1300,1300,1300,1300,1300,1300,16,0,1100,1073.6151119374426,788.3818589998555,1286.3642199990863,179.0
1789422952,1,,Aggregated,0.000000,0.000000,1100,1100,1200,1200,1300,1300,1300,1300,1300,1300,1300,16,0,1100,1073.6151119374426,788.3818589998555,1286.3642199990863,179.0
1789422953,1,,Aggregated,0.000000,0.000000,1100,1100,1200,1200,1300,1300,1300,1300,1300,1300,1300,16,0,1100,1073.6151119374426,788.3818589998555,1286.3642199990863,179.0
1789422954,1,,Aggregated,0.000000,0.000000,1100,1100,1200,1200,1300,1300,1300,1300,1300,1300,1300,16,0,1100,1073.6151119374426,788.3818589998555,1286.3642199990863,179.0
1789422955,1,,Aggregated,0.000000,0.000000,1100,1100,1200,1200,1300,1300,1300,1300,1300,1300,1300,16,0,1100,1073.6151119374426,788.3818589998555,1286.3642199990863,179.0
1789422956,1,,Aggregated,0.000000,0.000000,1100,1100,1200,1200,1300,1300,1300,1300,1300,1300,1300,17,0,1100,1082.4663609410516,788.3818589998555,1286.3642199990863,179.0
1789422957,1,,Aggregated,0.000000,0.000000,1100,1100,1200,1200,1300,1300,1300,1300,1300,1300,1300,17,0,1100,1082.4663609410516,788.3818589998555,1286.3642199990863,179.0
1789422958,1,,Aggregated,0.000000,0.000000,1100,1100,1200,1200,1300,1300,1300,1300,1300,1300,1300,17,0,1100,1082.4663609410516,788.3818589998555,1286.3642199990863,179.0
1789422959,1,,Aggregated,0.000000,0.000000,1100,1100,1200,1200,1300,1300,1300,1300,1300,1300,1300,17,0,1100,1082.4663609410516,788.3818589998555,1286.3642199990863,179.0
1789422960,1,,Aggregated,0.000000,0.000000,1100,1100,1200,1200,1300,1300,1300,1300,1300,1300,1300,17,0,1100,1082.4663609410516,788.3818589998555,1286.3642199990863,179.0
1789422961,1,,Aggregated,0.000000,0.000000,1100,1100,1200,1200,1300,1300,1300,1300,1300,1300,1300,17,0,1100,1082.4663609410516,788.3818589998555,1286.3642199990863,179.0
1789422962,1,,Aggregated,0.000000,0.000000,1100,1100,1200,1200,1300,1300,1300,1300,1300,1300,1300,17,0,1100,1082.4663609410516,788.3818589998555,1286.3642199990863,179.0
1789422963,1,,Aggregated,0.000000,0.000000,1100,1100,1200,1200,1300,1300,1300,1300,1300,1300,1300,17,0,1100,1082.4663609410516,788.3818589998555,1286.3642199990863,179.0
1789422964,1,,Aggregated,0.000000,0.000000,1100,1100,1200,1200,1300,1300,1300,1300,1300,1300,1300,17,0,1100,1082.4663609410516,788.3818589998555,1286.3642199990863,179.0
1789422965,1,,Aggregated,0.000000,0.000000,1100,1100,1200,1200,1300,1300,1300,1300,1300,1300,1300,17,0,1100,1082.4663609410516,788.3818589998555,1286.3642199990863,179.0
1789422966,1,,Aggregated,0.000000,0.000000,1100,1100,1200,1200,1300,1300,1300,1300,1300,1300,1300,17,0,1100,1082.4663609410516,788.3818589998555,1286.3642199990863,179.0
1789422967,1,,Aggregated,0.000000,0.000000,1100,1100,1200,1200,1300,1300,1300,1300,1300,1300,1300,17,0,1100,1082.4663609410516,788.3818589998555,1286.3642199990863,179.0
1789422968,1,,Aggregated,0.000000,0.000000,1100,1100,1200,1200,1300,1300,1300,1300,1300,1300,1300,17,0,1100,1082.4663609410516,788.3818589998555,1286.3642199990863,179.0
1789422969,1,,Aggregated,0.000000,0.000000,1100,1100,1200,1200,1300,1300,1300,1300,1300,1300,1300,17,0,1100,1082.4663609410516,788.3818589998555,1286.3642199990863,179.0
1789422970,1,,Aggregated,0.000000,0.000000,1100,1100,1200,1200,1300,1300,1300,1300,1300,1300,1300,17,0,1100,1082.4663609410516,788.3818589998555,1286.3642199990863,179.0
1789422971,1,,Aggregated,0.000000,0.000000,1100,1100,1200,1200,1300,1300,1300,1300,1300,1300,1300,17,0,1100,1082.4663609410516,788.3818589998555,1286.3642199990863,179.0
1789422972,1,,Aggregated,0.000000,0.000000,1100,1100,1200,1200,1300,1300,1300,1300,1300,1300,1300,17,0,1100,1082.4663609410516,788.3818589998555,1286.3642199990863,179.0
1789422973,1,,Aggregated,0.000000,0.000000,1100,1100,1200,1200,1300,1300,1300,1300,1300,1300,1300,17,0,1100,1082.4663609410516,788.3818589998555,1286.3642199990863,179.0
1789422974,1,,Aggregated,0.000000,0.000000,1100,1100,1200,1200,1300,1300,1300,1300,1300,1300,1300,17,0,1100,1082.4663609410516,788.3818589998555,1286.3642199990863,179.0
1789422975,1,,Aggregated,0.000000,0.000000,1100,1100,1200,1200,1300,1300,1300,1300,1300,1300,1300,17,0,1100,1082.4663609410516,788.3818589998555,1286.3642199990863,179.0
1789422976,1,,Aggregated,0.000000,0.000000,1100,1100,1200,1200,1300,1300,1300,1300,1300,1300,1300,17,0,1100,1082.4663609410516,788.3818589998555,1286.3642199990863,179.0
1789422977,1,,Aggregated,0.000000,0.000000,1100,1100,1200,1200,1300,1300,1300,1300,1300,1300,1300,17,0,1100,1082.4663609410516,788.3818589998555,1286.3642199990863,179.0
1789422978,1,,Aggregated,0.000000,0.000000,1100,1100,1200,1200,1300,1300,1300,1300,1300,1300,1300,17,0,1100,1082.4663609410516,788.3818589998555,1286.3642199990863,179.0
1789422979,1,,Aggregated,0.000000,0.000000,1100,1100,1200,1200,1300,1300,1300,1300,1300,1300,1300,17,0,1100,1082.4663609410516,788.3818589998555,1286.3642199990863,179.0
1789422980,1,,Aggregated,0.000000,0.000000,1100,1100,1200,1200,1300,1300,1300,1300,1300,1300,1300,17,0,1100,1082.4663609410516,788.3818589998555,1286.3642199990863,179.0
1789422981,1,,Aggregated,0.000000,0.000000,1100,1100,1200,1200,1300,1300,1300,1300,1300,1300,1300,18,0,1100,1081.8523734998153,788.3818589998555,1286.3642199990863,179.0
1789422982,1,,Aggregated,0.000000,0.000000,1100,1100,1200,1200,1300,1300,1300,1300,1300,1300,1300,18,0,1100,1081.8523734998153,788.3818589998555,1286.3642199990863,179.0
1789422983,1,,Aggregated,0.000000,0.000000,1100,1100,1200,1200,1300,1300,1300,1300,1300,1300,1300,18,0,1100,1081.8523734998153,788.3818589998555,1286.3642199990863,179.0
1789422984,1,,Aggregated,0.000000,0.000000,1100,1100,1200,1200,1300,1300,1300,1300,1300,1300,1300,18,0,1100,1081.8523734998153,788.3818589998555,1286.3642199990863,179.0
1789422985,1,,Aggregated,0.000000,0.000000,1100,1100,1200,1200,1300,1300,1300,1300,1300,1300,1300,18,0,1100,1081.8523734998153,788.3818589998555,1286.3642199990863,179.0
1789422986,1,,Aggregated,0.000000,0.000000,1100,1100,1200,1200,1300,1300,1300,1300,1300,1300,1300,18,0,1100,1081.8523734998153,788.3818589998555,1286.3642199990863,179.0
1789422987,1,,Aggregated,0.000000,0.000000,1100,1100,1200,1200,1300,1300,1300,1300,1300,1300,1300,18,0,1100,1081.8523734998153,788.3818589998555,1286.3642199990863,179.0
1789422988,1,,Aggregated,0.000000,0.000000,1100,1100,1200,1200,1300,1300,1300,1300,1300,1300,1300,18,0,1100,1081.8523734998153,788.3818589998555,1286.3642199990863,179.0
1789422989,1,,Aggregated,0.000000,0.000000,1100,1100,1200,1200,1300,1300,1300,1300,1300,1300,1300,18,0,1100,1081.8523734998153,788.3818589998555,1286.3642199990863,179.0
1789422990,1,,Aggregated,0.000000,0.000000,1100,1100,1200,1200,1300,1300,1300,1300,1300,1300,1300,18,0,1100,1081.8523734998153,788.3818589998555,1286.3642199990863,179.0
1789422991,1,,Aggregated,0.000000,0.000000,1100,1100,1200,1200,1300,1300,1300,1300,1300,1300,1300,18,0,1100,1081.8523734998153,788.3818589998555,1286.3642199990863,179.0
1789422992,1,,Aggregated,0.000000,0.000000,1100,1100,1200,1200,1300,1300,1300,1300,1300,1300,1300,18,0,1100,1081.8523734998153,788.3818589998555,1286.3642199990863,179.0
1789422993,1,,Aggregated,0.000000,0.000000,1100,1100,1200,1200,1300,1300,1300,1300,1300,1300,1300,18,0,1100,1081.8523734998153,788.3818589998555,1286.3642199990863,179.0
1789422994,1,,Aggregated,0.000000,0.000000,1100,1100,1200,1200,1300,1300,1300,1300,1300,1300,1300,18,0,1100,1081.8523734998153,788.3818589998555,1286.3642199990863,179.0
1789422995,1,,Aggregated,0.000000,0.000000,1100,1100,1200,1200,1300,1300,1300,1300,1300,1300,1300,18,0,1100,1081.8523734998153,788.3818589998555,1286.3642199990863,179.0
1789422996,1,,Aggregated,0.000000,0.000000,1100,1100,1200,1200,1300,1300,1300,1300,1300,1300,1300,18,0,1100,1081.8523734998153,788.3818589998555,1286.3642199990863,179.0
1789422997,1,,Aggregated,0.000000,0.000000,1100,1100,1200,1200,1300,1300,1300,1300,1300,1300,1300,18,0,1100,1081.8523734998153,788.3818589998555,1286.3642199990863,179.0
1789422998,1,,Aggregated,0.000000,0.000000,1100,1100,1200,1200,1300,1300,1300,1300,1300,1300,1300,18,0,1100,1081.8523734998153,788.3818589998555,1286.3642199990863,179.0
1789422999,1,,Aggregated,0.000000,0.000000,1100,1100,1200,1200,1300,1300,1300,1300,1300,1300,1300,18,0,1100,1081.8523734998153,788.3818589998555,1286.3642199990863,179.0
1789423000,1,,Aggregated,0.000000,0.000000,1100,1100,1200,1200,1300,1300,1300,1300,1300,1300,1300,18,0,1100,1081.8523734998153,788.3818589998555,1286.3642199990863,179.0
1789423001,1,,Aggregated,0.000000,0.000000,1100,1100,1200,1200,1300,1300,1300,1300,1300,1300,1300,18,0,1100,1081.8523734998153,788.3818589998555,1286.3642199990863,179.0
1789423002,1,,Aggregated,0.000000,0.000000,1100,1100,1200,1200,1300,1300,1300,1300,1300,1300,1300,18,0,1100,1081.8523734998153,788.3818589998555,1286.3642199990863,179.0
1789423003,1,,Aggregated,0.000000,0.000000,1100,1100,1200,1200,1300,1300,1300,1300,1300,1300,1300,18,0,1100,1081.8523734998153,788.3818589998555,1286.3642199990863,179.0
1789423004,1,,Aggregated,0.000000,0.000000,1100,1100,1200,1200,1300,1300,1300,1300,1300,1300,1300,19,0,1100,1087.1867135261518,788.3818589998555,1286.3642199990863,179.0
1789423005,1,,Aggregated,0.000000,0.000000,1100,1100,1200,1200,1300,1300,1300,1300,1300,1300,1300,19,0,1100,1087.1867135261518,788.3818589998555,1286.3642199990863,179.0
1789423006,1,,Aggregated,0.000000,0.000000,1100,1100,1200,1200,1300,1300,1300,1300,1300,1300,1300,19,0,1100,1087.1867135261518,788.3818589998555,1286.3642199990863,179.0
1789423007,1,,Aggregated,0.000000,0.000000,1100,1100,1200,1200,1300,1300,1300,1300,1300,1300,1300,19,0,1100,1087.1867135261518,788.3818589998555,1286.3642199990863,179.0
1789423008,1,,Aggregated,0.000000,0.000000,1100,1100,1200,1200,1300,1300,1300,1300,1300,1300,1300,19,0,1100,1087.1867135261518,788.3818589998555,1286.3642199990863,179.0
1789423009,1,,Aggregated,0.000000,0.000000,1100,1100,1200,1200,1300,1300,1300,1300,1300,1300,1300,19,0,1100,1087.1867135261518,788.3818589998555,1286.3642199990863,179.0
1789423010,1,,Aggregated,0.000000,0.000000,1100,1100,1200,1200,1300,1300,1300,1300,1300,1300,1300,19,0,1100,1087.1867135261518,788.3818589998555,1286.3642199990863,179.0
1789423011,1,,Aggregated,0.000000,0.000000,1100,1100,1200,1200,1300,1300,1300,1300,1300,1300,1300,19,0,1100,1087.1867135261518,788.3818589998555,1286.3642199990863,179.0
1789423012,1,,Aggregated,0.000000,0.000000,1100,1100,1200,1200,1300,1300,1300,1300,1300,1300,1300,19,0,1100,1087.1867135261518,788.3818589998555,1286.3642199990863,179.0
1789423013,1,,Aggregated,0.000000,0.000000,1100,1100,1200,1200,1300,1300,1300,1300,1300,1300,1300,19,0,1100,1087.1867135261518,788.3818589998555,1286.3642199990863,179.0
1789423014,1,,Aggregated,0.000000,0.000000,1100,1100,1200,1200,1300,1300,1300,1300,1300,1300,1300,19,0,1100,1087.1867135261518,788.3818589998555,1286.3642199990863,179.0
1789423015,1,,Aggregated,0.000000,0.000000,1100,1100,1200,1200,1300,1300,1300,1300,1300,1300,1300,19,0,1100,1087.1867135261518,788.3818589998555,1286.3642199990863,179.0
1789423016,1,,Aggregated,0.000000,0.000000,1100,1100,1200,1200,1300,1300,1300,1300,1300,1300,1300,19,0,1100,1087.1867135261518,788.3818589998555,1286.3642199990863,179.0
1789423017,1,,Aggregated,0.000000,0.000000,1100,1100,1200,1200,1300,1300,1300,1300,1300,1300,1300,19,0,1100,1087.1867135261518,788.3818589998555,1286.3642199990863,179.0
1789423018,1,,Aggregated,0.000000,0.000000,1100,1100,1200,1200,1300,1300,1300,1300,1300,1300,1300,19,0,1100,1087.1867135261518,788.3818589998555,1286.3642199990863,179.0
1789423019,1,,Aggregated,0.000000,0.000000,1100,1100,1200,1200,1300,1300,1300,1300,1300,1300,1300,19,0,1100,1087.1867135261518,788.3818589998555,1286.3642199990863,179.0
1789423020,1,,Aggregated,0.000000,0.000000,1100,1100,1200,1200,1300,1300,1300,1300,1300,1300,1300,19,0,1100,1087.1867135261518,788.3818589998555,1286.3642199990863,179.0
1789423021,1,,Aggregated,0.000000,0.000000,1100,1100,1200,1200,1300,1300,1300,1300,1300,1300,1300,19,0,1100,1087.1867135261518,788.3818589998555,1286.3642199990863,179.0
1789423022,1,,Aggregated,0.000000,0.000000,1100,1100,1200,1200,1300,1300,1300,1300,1300,1300,1300,19,0,1100,1087.1867135261518,788.3818589998555,1286.3642199990863,179.0
1789423023,1,,Aggregated,0.000000,0.000000,1100,1100,1200,1200,1300,1300,1300,1300,1300,1300,1300,19,0,1100,1087.1867135261518,788.3818589998555,1286.3642199990863,179.0
1789423024,1,,Aggregated,0.000000,0.000000,1100,1100,1200,1200,1300,1300,1300,1300,1300,1300,1300,19,0,1100,1087.1867135261518,788.3818589998555,1286.3642199990863,179.0
1789423025,1,,Aggregated,0.000000,0.000000,1100,1100,1200,1200,1300,1300,1300,1300,1300,1300,1300,19,0,1100,1087.1867135261518,788.3818589998555,1286.3642199990863,179.0
1789423026,1,,Aggregated,0.000000,0.000000,1100,1100,1200,1200,1300,1300,1300,1300,1300,1300,1300,19,0,1100,1087.1867135261518,788.3818589998555,1286.3642199990863,179.0
1789423027,1,,Aggregated,0.000000,0.000000,1100,1100,1200,1200,1300,1300,1300,1300,1300,1300,1300,19,0,1100,1087.1867135261518,788.3818589998555,1286.3642199990863,179.0
1789423028,1,,Aggregated,0.000000,0.000000,1100,1100,1200,1200,1300,1300,1300,1300,1300,1300,1300,19,0,1100,1087.1867135261518,788.3818589998555,1286.3642199990863,179.0
1789423029,1,,Aggregated,0.000000,0.000000,1100,1100,1200,1200,1300,1300,1300,1300,1300,1300,1300,19,0,1100,1087.1867135261518,788.3818589998555,1286.3642199990863,179.0
1789423030,1,,Aggregated,0.000000,0.000000,1100,1100,1200,1200,1300,1300,1300,1300,1300,1300,1300,19,0,1100,1087.1867135261518,788.3818589998555,1286.3642199990863,179.0
1789423031,1,,Aggregated,0.000000,0.000000,1100,1200,1200,1200,1300,1300,1300,1300,1300,1300,1300,20,0,1100,1094.2230292497698,788.3818589998555,1286.3642199990863,179.0
1789423032,1,,Aggregated,0.000000,0.000000,1100,1200,1200,1200,1300,1300,1300,1300,1300,1300,1300,20,0,1100,1094.2230292497698,788.3818589998555,1286.3642199990863,179.0
1789423033,1,,Aggregated,0.000000,0.000000,1100,1200,1200,1200,1300,1300,1300,1300,1300,1300,1300,20,0,1100,1094.2230292497698,788.3818589998555,1286.3642199990863,179.0
1789423034,1,,Aggregated,0.000000,0.000000,1100,1200,1200,1200,1300,1300,1300,1300,1300,1300,1300,20,0,1100,1094.2230292497698,788.3818589998555,1286.3642199990863,179.0
1789423035,1,,Aggregated,0.000000,0.000000,1100,1200,1200,1200,1300,1300,1300,1300,1300,1300,1300,20,0,1100,1094.2230292497698,788.3818589998555,1286.3642199990863,179.0
1789423036,1,,Aggregated,0.000000,0.000000,1100,1200,1200,1200,1300,1300,1300,1300,1300,1300,1300,20,0,1100,1094.2230292497698,788.3818589998555,1286.3642199990863,179.0
1789423037,1,,Aggregated,0.000000,0.000000,1100,1200,1200,1200,1300,1300,1300,1300,1300,1300,1300,20,0,1100,1094.2230292497698,788.3818589998555,1286.3642199990863,179.0
1789423038,1,,Aggregated,0.000000,0.000000,1100,1200,1200,1200,1300,1300,1300,1300,1300,1300,1300,20,0,1100,1094.2230292497698,788.3818589998555,1286.3642199990863,179.0
1789423039,1,,Aggregated,0.000000,0.000000,1100,1200,1200,1200,1300,1300,1300,1300,1300,1300,1300,20,0,1100,1094.2230292497698,788.3818589998555,1286.3642199990863,179.0
1789423040,1,,Aggregated,0.000000,0.000000,1100,1200,1200,1200,1300,1300,1300,1300,1300,1300,1300,20,0,1100,1094.2230292497698,788.3818589998555,1286.3642199990863,179.0
1789423041,1,,Aggregated,0.000000,0.000000,1100,1200,1200,1200,1300,1300,1300,1300,1300,1300,1300,20,0,1100,1094.2230292497698,788.3818589998555,1286.3642199990863,179.0
1789423042,1,,Aggregated,0.000000,0.000000,1100,1200,1200,1200,1300,1300,1300,1300,1300,1300,1300,20,0,1100,1094.2230292497698,788.3818589998555,1286.3642199990863,179.0
1789423043,1,,Aggregated,0.000000,0.000000,1100,1200,1200,1200,1300,1300,1300,1300,1300,1300,1300,20,0,1100,1094.2230292497698,788.3818589998555,1286.3642199990863,179.0
1789423044,1,,Aggregated,0.000000,0.000000,1100,1200,1200,1200,1300,1300,1300,1300,1300,1300,1300,20,0,1100,1094.2230292497698,788.3818589998555,1286.3642199990863,179.0
1789423045,1,,Aggregated,0.000000,0.000000,1100,1200,1200,1200,1300,1300,1300,1300,1300,1300,1300,20,0,1100,1094.2230292497698,788.3818589998555,1286.3642199990863,179.0
1789423046,1,,Aggregated,0.000000,0.000000,1100,1200,1200,1200,1300,1300,1300,1300,1300,1300,1300,20,0,1100,1094.2230292497698,788.3818589998555,1286.3642199990863,179.0
1789423047,1,,Aggregated,0.000000,0.000000,1100,1200,1200,1200,1300,1300,1300,1300,1300,1300,1300,20,0,1100,1094.2230292497698,788.3818589998555,1286.3642199990863,179.0
1789423048,1,,Aggregated,0.000000,0.000000,1100,1200,1200,1200,1300,1300,1300,1300,1300,1300,1300,20,0,1100,1094.2230292497698,788.3818589998555,1286.3642199990863,179.0
1789423049,1,,Aggregated,0.000000,0.000000,1100,1200,1200,1200,1300,1300,1300,1300,1300,1300,1300,20,0,1100,1094.2230292497698,788.3818589998555,1286.3642199990863,179.0
1789423050,1,,Aggregated,0.000000,0.000000,1100,1200,1200,1200,1300,1300,1300,1300,1300,1300,1300,20,0,1100,1094.2230292497698,788.3818589998555,1286.3642199990863,179.0
1789423051,1,,Aggregated,0.000000,0.000000,1100,1200,1200,1200,1300,1300,1300,1300,1300,1300,1300,20,0,1100,1094.2230292497698,788.3818589998555,1286.3642199990863,179.0
1789423052,1,,Aggregated,0.000000,0.000000,1100,1200,1200,1200,1300,1300,1300,1300,1300,1300,1300,20,0,1100,1094.2230292497698,788.3818589998555,1286.3642199990863,179.0
1789423053,1,,Aggregated,0.000000,0.000000,1100,1200,1200,1200,1300,1300,1300,1300,1300,1300,1300,20,0,1100,1094.2230292497698,788.3818589998555,1286.3642199990863,179.0
1789423054,1,,Aggregated,0.000000,0.000000,1100,1200,1200,1200,1300,1300,1300,1300,1300,1300,1300,20,0,1100,1094.2230292497698,788.3818589998555,1286.3642199990863,179.0
1789423055,1,,Aggregated,0.000000,0.000000,1100,1200,1200,1200,1300,1300,1300,1300,1300,1300,1300,21,0,1100,1102.0190767617134,788.3818589998555,1286.3642199990863,179.0
1789423056,1,,Aggregated,0.000000,0.000000,1100,1200,1200,1200,1300,1300,1300,1300,1300,1300,1300,21,0,1100,1102.0190767617134,788.3818589998555,1286.3642199990863,179.0
1789423057,1,,Aggregated,0.000000,0.000000,1100,1200,1200,1200,1300,1300,1300,1300,1300,1300,1300,21,0,1100,1102.0190767617134,788.3818589998555,1286.3642199990863,179.0
1789423058,1,,Aggregated,0.000000,0.000000,1100,1200,1200,1200,1300,1300,1300,1300,1300,1300,1300,21,0,1100,1102.0190767617134,788.3818589998555,1286.3642199990863,179.0
1789423059,1,,Aggregated,0.000000,0.000000,1100,1200,1200,1200,1300,1300,1300,1300,1300,1300,1300,21,0,1100,1102.0190767617134,788.3818589998555,1286.3642199990863,179.0
1789423060,1,,Aggregated,0.000000,0.000000,1100,1200,1200,1200,1300,1300,1300,1300,1300,1300,1300,21,0,1100,1102.0190767617134,788.3818589998555,1286.3642199990863,179.0
1789423061,1,,Aggregated,0.000000,0.000000,1100,1200,1200,1200,1300,1300,1300,1300,1300,1300,1300,21,0,1100,1102.0190767617134,788.3818589998555,1286.3642199990863,179.0
1789423062,1,,Aggregated,0.000000,0.000000,1100,1200,1200,1200,1300,1300,1300,1300,1300,1300,1300,21,0,1100,1102.0190767617134,788.3818589998555,1286.3642199990863,179.0
1789423063,1,,Aggregated,0.000000,0.000000,1100,1200,1200,1200,1300,1300,1300,1300,1300,1300,1300,21,0,1100,1102.0190767617134,788.3818589998555,1286.3642199990863,179.0
1789423064,1,,Aggregated,0.000000,0.000000,1100,1200,1200,1200,1300,1300,1300,1300,1300,1300,1300,21,0,1100,1102.0190767617134,788.3818589998555,1286.3642199990863,179.0
1789423065,1,,Aggregated,0.000000,0.000000,1100,1200,1200,1200,1300,1300,1300,1300,1300,1300,1300,21,0,1100,1102.0190767617134,788.3818589998555,1286.3642199990863,179.0
1789423066,1,,Aggregated,0.000000,0.000000,1100,1200,1200,1200,1300,1300,1300,1300,1300,1300,1300,21,0,1100,1102.0190767617134,788.3818589998555,1286.3642199990863,179.0
1789423067,1,,Aggregated,0.000000,0.000000,1100,1200,1200,1200,1300,1300,1300,1300,1300,1300,1300,21,0,1100,1102.0190767617134,788.3818589998555,1286.3642199990863,179.0
1789423068,1,,Aggregated,0.000000,0.000000,1100,1200,1200,1200,1300,1300,1300,1300,1300,1300,1300,21,0,1100,1102.0190767617134,788.3818589998555,1286.3642199990863,179.0
1789423069,1,,Aggregated,0.000000,0.000000,1100,1200,1200,1200,1300,1300,1300,1300,1300,1300,1300,21,0,1100,1102.0190767617134,788.3818589998555,1286.3642199990863,179.0
1789423070,1,,Aggregated,0.000000,0.000000,1100,1200,1200,1200,1300,1300,1300,1300,1300,1300,1300,21,0,1100,1102.0190767617134,788.3818589998555,1286.3642199990863,179.0
1789423071,1,,Aggregated,0.000000,0.000000,1100,1200,1200,1200,1300,1300,1300,1300,1300,1300,1300,21,0,1100,1102.0190767617134,788.3818589998555,1286.3642199990863,179.0
1789423072,1,,Aggregated,0.000000,0.000000,1100,1200,1200,1200,1300,1300,1300,1300,1300,1300,1300,21,0,1100,1102.0190767617134,788.3818589998555,1286.3642199990863,179.0
1789423073,1,,Aggregated,0.000000,0.000000,1100,1200,1200,1200,1300,1300,1300,1300,1300,1300,1300,21,0,1100,1102.0190767617134,788.3818589998555,1286.3642199990863,179.0
1789423074,1,,Aggregated,0.000000,0.000000,1100,1200,1200,1200,1300,1300,1300,1300,1300,1300,1300,21,0,1100,1102.0190767617134,788.3818589998555,1286.3642199990863,179.0
1789423075,1,,Aggregated,0.000000,0.000000,1100,1200,1200,1200,1300,1300,1300,1300,1300,1300,1300,21,0,1100,1102.0190767617134,788.3818589998555,1286.3642199990863,179.0
1789423076,1,,Aggregated,0.000000,0.000000,1100,1200,1200,1200,1300,1300,1300,1300,1300,1300,1300,21,0,1100,1102.0190767617134,788.3818589998555,1286.3642199990863,179.0
1789423077,1,,Aggregated,0.000000,0.000000,1100,1200,1200,1200,1300,1300,1300,1300,1300,1300,1300,21,0,1100,1102.0190767617134,788.3818589998555,1286.3642199990863,179.0
1789423078,1,,Aggregated,0.000000,0.000000,1100,1200,1200,1200,1300,1300,1300,1300,1300,1300,1300,21,0,1100,1102.0190767617134,788.3818589998555,1286.3642199990863,179.0
1789423079,1,,Aggregated,0.000000,0.000000,1100,1200,1200,1200,1300,1300,1300,1300,1300,1300,1300,21,0,1100,1102.0190767617134,788.3818589998555,1286.3642199990863,179.0
1789423080,1,,Aggregated,0.000000,0.000000,1100,1200,1200,1200,1300,1300,1300,1300,1300,1300,1300,21,0,1100,1102.0190767617134,788.3818589998555,1286.3642199990863,179.0
1789423084,1,,Aggregated,0.000000,0.000000,1100,1200,1200,1200,1300,1300,4800,4800,4800,4800,4800,22,0,1100,1268.2137254543538,788.3818589998555,4758.301347999804,179.0
1789423085,1,,Aggregated,0.000000,0.000000,1100,1200,1200,1200,1300,1300,4800,4800,4800,4800,4800,22,0,1100,1268.2137254543538,788.3818589998555,4758.301347999804,179.0
1789423086,1,,Aggregated,0.000000,0.000000,1100,1200,1200,1200,1300,1300,4800,4800,4800,4800,4800,22,0,1100,1268.2137254543538,788.3818589998555,4758.301347999804,179.0
1789423087,1,,Aggregated,0.000000,0.000000,1100,1200,1200,1200,1300,1300,4800,4800,4800,4800,4800,22,0,1100,1268.2137254543538,788.3818589998555,4758.301347999804,179.0
1789423088,1,,Aggregated,0.000000,0.000000,1100,1200,1200,1200,1300,1300,4800,4800,4800,4800,4800,22,0,1100,1268.2137254543538,788.3818589998555,4758.301347999804,179.0
1789423089,1,,Aggregated,0.000000,0.000000,1100,1200,1200,1200,1300,1300,4800,4800,4800,4800,4800,22,0,1100,1268.2137254543538,788.3818589998555,4758.301347999804,179.0
1789423090,1,,Aggregated,0.000000,0.000000,1100,1200,1200,1200,1300,1300,4800,4800,4800,4800,4800,22,0,1100,1268.2137254543538,788.3818589998555,4758.301347999804,179.0
1789423091,1,,Aggregated,0.000000,0.000000,1100,1200,1200,1200,1300,1300,4800,4800,4800,4800,4800,22,0,1100,1268.2137254543538,788.3818589998555,4758.301347999804,179.0
1789423092,1,,Aggregated,0.000000,0.000000,1100,1200,1200,1200,1300,1300,4800,4800,4800,4800,4800,22,0,1100,1268.2137254543538,788.3818589998555,4758.301347999804,179.0
1789423093,1,,Aggregated,0.000000,0.000000,1100,1200,1200,1200,1300,1300,4800,4800,4800,4800,4800,22,0,1100,1268.2137254543538,788.3818589998555,4758.301347999804,179.0
1789423094,1,,Aggregated,0.000000,0.000000,1100,1200,1200,1200,1300,1300,4800,4800,4800,4800,4800,22,0,1100,1268.2137254543538,788.3818589998555,4758.301347999804,179.0
1789423095,1,,Aggregated,0.000000,0.000000,1100,1200,1200,1200,1300,1300,4800,4800,4800,4800,4800,22,0,1100,1268.2137254543538,788.3818589998555,4758.301347999804,179.0
1789423096,1,,Aggregated,0.000000,0.000000,1100,1200,1200,1200,1300,1300,4800,4800,4800,4800,4800,22,0,1100,1268.2137254543538,788.3818589998555,4758.301347999804,179.0
1789423097,1,,Aggregated,0.000000,0.000000,1100,1200,1200,1200,1300,1300,4800,4800,4800,4800,4800,22,0,1100,1268.2137254543538,788.3818589998555,4758.301347999804,179.0
1789423098,1,,Aggregated,0.000000,0.000000,1100,1200,1200,1200,1300,1300,4800,4800,4800,4800,4800,22,0,1100,1268.2137254543538,788.3818589998555,4758.301347999804,179.0
1789423099,1,,Aggregated,0.000000,0.000000,1100,1200,1200,1200,1300,1300,4800,4800,4800,4800,4800,22,0,1100,1268.2137254543538,788.3818589998555,4758.301347999804,179.0
1789423100,1,,Aggregated,0.000000,0.000000,1100,1200,1200,1200,1300,1300,4800,4800,4800,4800,4800,22,0,1100,1268.2137254543538,788.3818589998555,4758.301347999804,179.0
1789423101,1,,Aggregated,0.000000,0.000000,1100,1200,1200,1200,1300,1300,4800,4800,4800,4800,4800,22,0,1100,1268.2137254543538,788.3818589998555,4758.301347999804,179.0
1789423102,1,,Aggregated,0.000000,0.000000,1100,1200,1200,1200,1300,1300,4800,4800,4800,4800,4800,22,0,1100,1268.2137254543538,788.3818589998555,4758.301347999804,179.0
1789423106,1,,Aggregated,0.000000,0.000000,1100,1200,1200,1200,1300,1300,4800,4800,4800,4800,4800,22,0,1100,1268.2137254543538,788.3818589998555,4758.301347999804,179.0
1789423107,1,,Aggregated,0.000000,0.000000,1100,1200,1200,1200,1300,1300,4800,4800,4800,4800,4800,22,0,1100,1268.2137254543538,788.3818589998555,4758.301347999804,179.0
1789423108,1,,Aggregated,0.000000,0.000000,1100,1200,1200,1200,1300,1300,4800,4800,4800,4800,4800,22,0,1100,1268.2137254543538,788.3818589998555,4758.301347999804,179.0
1789423109,1,,Aggregated,0.000000,0.000000,1100,1200,1200,1200,1300,1300,4800,4800,4800,4800,4800,22,0,1100,1268.2137254543538,788.3818589998555,4758.301347999804,179.0
1789423110,1,,Aggregated,0.000000,0.000000,1100,1200,1200,1200,1300,1300,4800,4800,4800,4800,4800,22,0,1100,1268.2137254543538,788.3818589998555,4758.301347999804,179.0
1789423111,1,,Aggregated,0.000000,0.000000,1100,1200,1200,1300,1300,1300,4800,4800,4800,4800,4800,23,0,1100,1267.5067446520109,788.3818589998555,4758.301347999804,179.0
1789423112,1,,Aggregated,0.000000,0.000000,1100,1200,1200,1300,1300,1300,4800,4800,4800,4800,4800,23,0,1100,1267.5067446520109,788.3818589998555,4758.301347999804,179.0
1789423114,1,,Aggregated,0.000000,0.000000,1100,1200,1200,1300,1300,1300,4800,4800,4800,4800,4800,23,0,1100,1267.5067446520109,788.3818589998555,4758.301347999804,179.0
1789423115,1,,Aggregated,0.000000,0.000000,1100,1200,1200,1300,1300,1300,4800,4800,4800,4800,4800,23,0,1100,1267.5067446520109,788.3818589998555,4758.301347999804,179.0
1789423116,1,,Aggregated,0.000000,0.000000,1100,1200,1200,1300,1300,1300,4800,4800,4800,4800,4800,23,0,1100,1267.5067446520109,788.3818589998555,4758.301347999804,179.0
1789423117,1,,Aggregated,0.000000,0.000000,1100,1200,1200,1300,1300,1300,4800,4800,4800,4800,4800,23,0,1100,1267.5067446520109,788.3818589998555,4758.301347999804,179.0
1789423118,1,,Aggregated,0.000000,0.000000,1100,1200,1200,1300,1300,1300,4800,4800,4800,4800,4800,23,0,1100,1267.5067446520109,788.3818589998555,4758.301347999804,179.0
1789423119,1,,Aggregated,0.000000,0.000000,1100,1200,1200,1300,1300,1300,4800,4800,4800,4800,4800,23,0,1100,1267.5067446520109,788.3818589998555,4758.301347999804,179.0
1789423120,1,,Aggregated,0.000000,0.000000,1100,1200,1200,1300,1300,1300,4800,4800,4800,4800,4800,23,0,1100,1267.5067446520109,788.3818589998555,4758.301347999804,179.0
1789423121,1,,Aggregated,0.000000,0.000000,1100,1200,1200,1300,1300,1300,4800,4800,4800,4800,4800,23,0,1100,1267.5067446520109,788.3818589998555,4758.301347999804,179.0
1789423122,1,,Aggregated,0.000000,0.000000,1100,1200,1200,1300,1300,1300,4800,4800,4800,4800,4800,23,0,1100,1267.5067446520109,788.3818589998555,4758.301347999804,179.0
1789423123,1,,Aggregated,0.000000,0.000000,1100,1200,1200,1300,1300,1300,4800,4800,4800,4800,4800,23,0,1100,1267.5067446520109,788.3818589998555,4758.301347999804,179.0
1789423124,1,,Aggregated,0.000000,0.000000,1100,1200,1200,1300,1300,1300,4800,4800,4800,4800,4800,23,0,1100,1267.5067446520109,788.3818589998555,4758.301347999804,179.0
1789423125,1,,Aggregated,0.000000,0.000000,1100,1200,1200,1300,1300,1300,4800,4800,4800,4800,4800,23,0,1100,1267.5067446520109,788.3818589998555,4758.301347999804,179.0
1789423126,1,,Aggregated,0.000000,0.000000,1100,1200,1200,1300,1300,1300,4800,4800,4800,4800,4800,23,0,1100,1267.5067446520109,788.3818589998555,4758.301347999804,179.0
1789423127,1,,Aggregated,0.000000,0.000000,1100,1200,1200,1300,1300,1300,4800,4800,4800,4800,4800,23,0,1100,1267.5067446520109,788.3818589998555,4758.301347999804,179.0
1789423128,1,,Aggregated,0.000000,0.000000,1100,1200,1200,1300,1300,1300,4800,4800,4800,4800,4800,23,0,1100,1267.5067446520109,788.3818589998555,4758.301347999804,179.0
1789423129,1,,Aggregated,0.000000,0.000000,1100,1200,1200,1300,1300,1300,4800,4800,4800,4800,4800,23,0,1100,1267.5067446520109,788.3818589998555,4758.301347999804,179.0
1789423130,1,,Aggregated,0.000000,0.000000,1100,1200,1200,1300,1300,1300,4800,4800,4800,4800,4800,23,0,1100,1267.5067446520109,788.3818589998555,4758.301347999804,179.0
1789423131,1,,Aggregated,0.000000,0.000000,1100,1200,1200,1300,1300,1300,4800,4800,4800,4800,4800,23,0,1100,1267.5067446520109,788.3818589998555,4758.301347999804,179.0
1789423132,1,,Aggregated,0.000000,0.000000,1100,1200,1200,1300,1300,1300,4800,4800,4800,4800,4800,23,0,1100,1267.5067446520109,788.3818589998555,4758.301347999804,179.0
1789423133,1,,Aggregated,0.000000,0.000000,1100,1200,1200,1300,1300,1300,4800,4800,4800,4800,4800,23,0,1100,1267.5067446520109,788.3818589998555,4758.301347999804,179.0
1789423134,1,,Aggregated,0.000000,0.000000,1100,1200,1200,1300,1300,1300,4800,4800,4800,4800,4800,23,0,1100,1267.5067446520109,788.3818589998555,4758.301347999804,179.0
1789423135,1,,Aggregated,0.000000,0.000000,1100,1200,1200,1300,1300,1300,4800,4800,4800,4800,4800,23,0,1100,1267.5067446520109,788.3818589998555,4758.301347999804,179.0
1789423136,1,,Aggregated,0.000000,0.000000,1100,1200,1200,1300,1300,1300,4800,4800,4800,4800,4800,23,0,1100,1267.5067446520109,788.3818589998555,4758.301347999804,179.0
1789423137,1,,Aggregated,0.000000,0.000000,1100,1200,1200,1300,1300,1300,4800,4800,4800,4800,4800,24,0,1100,1251.9411137914933,788.3818589998555,4758.301347999804,179.0
1789423138,1,,Aggregated,0.000000,0.000000,1100,1200,1200,1300,1300,1300,4800,4800,4800,4800,4800,24,0,1100,1251.9411137914933,788.3818589998555,4758.301347999804,179.0
1789423139,1,,Aggregated,0.000000,0.000000,1100,1200,1200,1300,1300,1300,4800,4800,4800,4800,4800,24,0,1100,1251.9411137914933,788.3818589998555,4758.301347999804,179.0
1789423140,1,,Aggregated,0.000000,0.000000,1100,1200,1200,1300,1300,1300,4800,4800,4800,4800,4800,24,0,1100,1251.9411137914933,788.3818589998555,4758.301347999804,179.0
1789423141,1,,Aggregated,0.000000,0.000000,1100,1200,1200,1300,1300,1300,4800,4800,4800,4800,4800,24,0,1100,1251.9411137914933,788.3818589998555,4758.301347999804,179.0
1789423142,1,,Aggregated,0.000000,0.000000,1100,1200,1200,1300,1300,1300,4800,4800,4800,4800,4800,24,0,1100,1251.9411137914933,788.3818589998555,4758.301347999804,179.0
1789423143,1,,Aggregated,0.000000,0.000000,1100,1200,1200,1300,1300,1300,4800,4800,4800,4800,4800,24,0,1100,1251.9411137914933,788.3818589998555,4758.301347999804,179.0
1789423144,1,,Aggregated,0.000000,0.000000,1100,1200,1200,1300,1300,1300,4800,4800,4800,4800,4800,24,0,1100,1251.9411137914933,788.3818589998555,4758.301347999804,179.0
1789423145,1,,Aggregated,0.000000,0.000000,1100,1200,1200,1300,1300,1300,4800,4800,4800,4800,4800,24,0,1100,1251.9411137914933,788.3818589998555,4758.301347999804,179.0
1789423146,1,,Aggregated,0.000000,0.000000,1100,1200,1200,1300,1300,1300,4800,4800,4800,4800,4800,24,0,1100,1251.9411137914933,788.3818589998555,4758.301347999804,179.0
1789423147,1,,Aggregated,0.000000,0.000000,1100,1200,1200,1300,1300,1300,4800,4800,4800,4800,4800,24,0,1100,1251.9411137914933,788.3818589998555,4758.301347999804,179.0
1789423148,1,,Aggregated,0.000000,0.000000,1100,1200,1200,1300,1300,1300,4800,4800,4800,4800,4800,24,0,1100,1251.9411137914933,788.3818589998555,4758.301347999804,179.0
1789423149,1,,Aggregated,0.000000,0.000000,1100,1200,1200,1300,1300,1300,4800,4800,4800,4800,4800,24,0,1100,1251.9411137914933,788.3818589998555,4758.301347999804,179.0
1789423150,1,,Aggregated,0.000000,0.000000,1100,1200,1200,1300,1300,1300,4800,4800,4800,4800,4800,24,0,1100,1251.9411137914933,788.3818589998555,4758.301347999804,179.0
1789423151,1,,Aggregated,0.000000,0.000000,1100,1200,1200,1300,1300,1300,4800,4800,4800,4800,4800,24,0,1100,1251.9411137914933,788.3818589998555,4758.301347999804,179.0
1789423152,1,,Aggregated,0.000000,0.000000,1100,1200,1200,1300,1300,1300,4800,4800,4800,4800,4800,24,0,1100,1251.9411137914933,788.3818589998555,4758.301347999804,179.0
1789423153,1,,Aggregated,0.000000,0.000000,1100,1200,1200,1300,1300,1300,4800,4800,4800,4800,4800,24,0,1100,1251.9411137914933,788.3818589998555,4758.301347999804,179.0
1789423154,1,,Aggregated,0.000000,0.000000,1100,1200,1200,1300,1300,1300,4800,4800,4800,4800,4800,24,0,1100,1251.9411137914933,788.3818589998555,4758.301347999804,179.0
1789423155,1,,Aggregated,0.000000,0.000000,1100,1200,1200,1300,1300,1300,4800,4800,4800,4800,4800,24,0,1100,1251.9411137914933,788.3818589998555,4758.301347999804,179.0
1789423156,1,,Aggregated,0.000000,0.000000,1100,1200,1200,1300,1300,1300,4800,4800,4800,4800,4800,24,0,1100,1251.9411137914933,788.3818589998555,4758.301347999804,179.0
1789423157,1,,Aggregated,0.000000,0.000000,1100,1200,1200,1300,1300,1300,4800,4800,4800,4800,4800,24,0,1100,1251.9411137914933,788.3818589998555,4758.301347999804,179.0
1789423158,1,,Aggregated,0.000000,0.000000,1100,1200,1200,1300,1300,1300,4800,4800,4800,4800,4800,24,0,1100,1251.9411137914933,788.3818589998555,4758.301347999804,179.0
1789423159,1,,Aggregated,0.000000,0.000000,1100,1200,1200,1300,1300,1300,4800,4800,4800,4800,4800,24,0,1100,1251.9411137914933,788.3818589998555,4758.301347999804,179.0
1789423160,1,,Aggregated,0.000000,0.000000,1100,1200,1200,1300,1300,1300,4800,4800,4800,4800,4800,24,0,1100,1251.9411137914933,788.3818589998555,4758.301347999804,179.0
1789423163,1,,Aggregated,0.000000,0.000000,1100,1200,1200,1300,1300,1300,4800,4800,4800,4800,4800,24,0,1100,1251.9411137914933,788.3818589998555,4758.301347999804,179.0
1789423164,1,,Aggregated,0.000000,0.000000,1100,1200,1200,1300,1300,1300,4800,4800,4800,4800,4800,25,0,1100,1245.2523237598507,788.3818589998555,4758.301347999804,179.0
1789423165,1,,Aggregated,0.000000,0.000000,1100,1200,1200,1300,1300,1300,4800,4800,4800,4800,4800,25,0,1100,1245.2523237598507,788.3818589998555,4758.301347999804,179.0
1789423166,1,,Aggregated,0.000000,0.000000,1100,1200,1200,1300,1300,1300,4800,4800,4800,4800,4800,25,0,1100,1245.2523237598507,788.3818589998555,4758.301347999804,179.0
1789423167,1,,Aggregated,0.000000,0.000000,1100,1200,1200,1300,1300,1300,4800,4800,4800,4800,4800,25,0,1100,1245.2523237598507,788.3818589998555,4758.301347999804,179.0
1789423168,1,,Aggregated,0.000000,0.000000,1100,1200,1200,1300,1300,1300,4800,4800,4800,4800,4800,25,0,1100,1245.2523237598507,788.3818589998555,4758.301347999804,179.0
1789423169,1,,Aggregated,0.000000,0.000000,1100,1200,1200,1300,1300,1300,4800,4800,4800,4800,4800,25,0,1100,1245.2523237598507,788.3818589998555,4758.301347999804,179.0
1789423170,1,,Aggregated,0.000000,0.000000,1100,1200,1200,1300,1300,1300,4800,4800,4800,4800,4800,25,0,1100,1245.2523237598507,788.3818589998555,4758.301347999804,179.0
1789423171,1,,Aggregated,0.000000,0.000000,1100,1200,1200,1300,1300,1300,4800,4800,4800,4800,4800,25,0,1100,1245.2523237598507,788.3818589998555,4758.301347999804,179.0
1789423173,1,,Aggregated,0.000000,0.000000,1100,1200,1200,1300,1300,1300,4800,4800,4800,4800,4800,25,0,1100,1245.2523237598507,788.3818589998555,4758.301347999804,179.0
1789423174,1,,Aggregated,0.000000,0.000000,1100,1200,1200,1300,1300,1300,4800,4800,4800,4800,4800,25,0,1100,1245.2523237598507,788.3818589998555,4758.301347999804,179.0
1789423175,1,,Aggregated,0.000000,0.000000,1100,1200,1200,1300,1300,1300,4800,4800,4800,4800,4800,25,0,1100,1245.2523237598507,788.3818589998555,4758.301347999804,179.0
1789423176,1,,Aggregated,0.000000,0.000000,1100,1200,1200,1300,1300,1300,4800,4800,4800,4800,4800,25,0,1100,1245.2523237598507,788.3818589998555,4758.301347999804,179.0
1789423177,1,,Aggregated,0.000000,0.000000,1100,1200,1200,1300,1300,1300,4800,4800,4800,4800,4800,25,0,1100,1245.2523237598507,788.3818589998555,4758.301347999804,179.0
1789423178,1,,Aggregated,0.000000,0.000000,1100,1200,1200,1300,1300,1300,4800,4800,4800,4800,4800,25,0,1100,1245.2523237598507,788.3818589998555,4758.301347999804,179.0
1789423179,1,,Aggregated,0.000000,0.000000,1100,1200,1200,1300,1300,1300,4800,4800,4800,4800,4800,25,0,1100,1245.2523237598507,788.3818589998555,4758.301347999804,179.0
1789423180,1,,Aggregated,0.000000,0.000000,1100,1200,1200,1300,1300,1300,4800,4800,4800,4800,4800,25,0,1100,1245.2523237598507,788.3818589998555,4758.301347999804,179.0
1789423181,1,,Aggregated,0.000000,0.000000,1100,1200,1200,1300,1300,1300,4800,4800,4800,4800,4800,25,0,1100,1245.2523237598507,788.3818589998555,4758.301347999804,179.0
1789423182,1,,Aggregated,0.000000,0.000000,1100,1200,1200,1300,1300,1300,4800,4800,4800,4800,4800,25,0,1100,1245.2523237598507,788.3818589998555,4758.301347999804,179.0
1789423183,1,,Aggregated,0.000000,0.000000,1100,1200,1200,1300,1300,1300,4800,4800,4800,4800,4800,25,0,1100,1245.2523237598507,788.3818589998555,4758.301347999804,179.0
1789423184,1,,Aggregated,0.000000,0.000000,1100,1200,1200,1300,1300,1300,4800,4800,4800,4800,4800,25,0,1100,1245.2523237598507,788.3818589998555,4758.301347999804,179.0
1789423185,1,,Aggregated,0.000000,0.000000,1100,1200,1200,1300,1300,1300,4800,4800,4800,4800,4800,25,0,1100,1245.2523237598507,788.3818589998555,4758.301347999804,179.0
1789423186,1,,Aggregated,0.000000,0.000000,1100,1200,1200,1300,1300,1300,4800,4800,4800,4800,4800,25,0,1100,1245.2523237598507,788.3818589998555,4758.301347999804,179.0
1789423187,1,,Aggregated,0.000000,0.000000,1100,1200,1200,1300,1300,1300,4800,4800,4800,4800,4800,25,0,1100,1245.2523237598507,788.3818589998555,4758.301347999804,179.0
1789423188,1,,Aggregated,0.000000,0.000000,1100,1200,1200,1300,1300,1300,4800,4800,4800,4800,4800,25,0,1100,1245.2523237598507,788.3818589998555,4758.301347999804,179.0
1789423189,1,,Aggregated,0.000000,0.000000,1100,1200,1200,1300,1300,1300,4800,4800,4800,4800,4800,25,0,1100,1245.2523237598507,788.3818589998555,4758.301347999804,179.0
1789423190,1,,Aggregated,0.000000,0.000000,1100,1200,1200,1300,1300,1300,4800,4800,4800,4800,4800,25,0,1100,1245.2523237598507,788.3818589998555,4758.301347999804,179.0
1789423191,1,,Aggregated,0.000000,0.000000,1100,1200,1200,1300,1300,1300,4800,4800,4800,4800,4800,25,0,1100,1245.2523237598507,788.3818589998555,4758.301347999804,179.0
1789423192,1,,Aggregated,0.000000,0.000000,1100,1200,1200,1300,1300,1900,4800,4800,4800,4800,4800,26,0,1100,1272.118933384473,788.3818589998555,4758.301347999804,179.0
1789423193,1,,Aggregated,0.000000,0.000000,1100,1200,1200,1300,1300,1900,4800,4800,4800,4800,4800,26,0,1100,1272.118933384473,788.3818589998555,4758.301347999804,179.0
1789423194,1,,Aggregated,0.000000,0.000000,1100,1200,1200,1300,1300,1900,4800,4800,4800,4800,4800,26,0,1100,1272.118933384473,788.3818589998555,4758.301347999804,179.0
1789423195,1,,Aggregated,0.000000,0.000000,1100,1200,1200,1300,1300,1900,4800,4800,4800,4800,4800,26,0,1100,1272.118933384473,788.3818589998555,4758.301347999804,179.0
1789423196,1,,Aggregated,0.000000,0.000000,1100,1200,1200,1300,1300,1900,4800,4800,4800,4800,4800,26,0,1100,1272.118933384473,788.3818589998555,4758.301347999804,179.0
1789423197,1,,Aggregated,0.000000,0.000000,1100,1200,1200,1300,1300,1900,4800,4800,4800,4800,4800,26,0,1100,1272.118933384473,788.3818589998555,4758.301347999804,179.0
1789423198,1,,Aggregated,0.000000,0.000000,1100,1200,1200,1300,1300,1900,4800,4800,4800,4800,4800,26,0,1100,1272.118933384473,788.3818589998555,4758.301347999804,179.0
1789423199,1,,Aggregated,0.000000,0.000000,1100,1200,1200,1300,1300,1900,4800,4800,4800,4800,4800,26,0,1100,1272.118933384473,788.3818589998555,4758.301347999804,179.0
1789423200,1,,Aggregated,0.000000,0.000000,1100,1200,1200,1300,1300,1900,4800,4800,4800,4800,4800,26,0,1100,1272.118933384473,788.3818589998555,4758.301347999804,179.0
1789423201,1,,Aggregated,0.000000,0.000000,1100,1200,1200,1300,1300,1900,4800,4800,4800,4800,4800,26,0,1100,1272.118933384473,788.3818589998555,4758.301347999804,179.0
1789423202,1,,Aggregated,0.000000,0.000000,1100,1200,1200,1300,1300,1900,4800,4800,4800,4800,4800,26,0,1100,1272.118933384473,788.3818589998555,4758.301347999804,179.0
1789423203,1,,Aggregated,0.000000,0.000000,1100,1200,1200,1300,1300,1900,4800,4800,4800,4800,4800,26,0,1100,1272.118933384473,788.3818589998555,4758.301347999804,179.0
1789423204,1,,Aggregated,0.000000,0.000000,1100,1200,1200,1300,1300,1900,4800,4800,4800,4800,4800,26,0,1100,1272.118933384473,788.3818589998555,4758.301347999804,179.0
1789423205,1,,Aggregated,0.000000,0.000000,1100,1200,1200,1300,1300,1900,4800,4800,4800,4800,4800,26,0,1100,1272.118933384473,788.3818589998555,4758.301347999804,179.0
1789423206,1,,Aggregated,0.000000,0.000000,1100,1200,1200,1300,1300,1900,4800,4800,4800,4800,4800,26,0,1100,1272.118933384473,788.3818589998555,4758.301347999804,179.0
1789423207,1,,Aggregated,0.000000,0.000000,1100,1200,1200,1300,1300,1900,4800,4800,4800,4800,4800,26,0,1100,1272.118933384473,788.3818589998555,4758.301347999804,179.0
1789423208,1,,Aggregated,0.000000,0.000000,1100,1200,1200,1300,1300,1900,4800,4800,4800,4800,4800,26,0,1100,1272.118933384473,788.3818589998555,4758.301347999804,179.0
1789423209,1,,Aggregated,0.000000,0.000000,1100,1200,1200,1300,1300,1900,4800,4800,4800,4800,4800,26,0,1100,1272.118933384473,788.3818589998555,4758.301347999804,179.0
1789423210,1,,Aggregated,0.000000,0.000000,1100,1200,1200,1300,1300,1900,4800,4800,4800,4800,4800,26,0,1100,1272.118933384473,788.3818589998555,4758.301347999804,179.0
1789423211,1,,Aggregated,0.000000,0.000000,1100,1200,1200,1300,1300,1900,4800,4800,4800,4800,4800,26,0,1100,1272.118933384473,788.3818589998555,4758.301347999804,179.0
1789423212,1,,Aggregated,0.000000,0.000000,1100,1200,1200,1300,1300,1900,4800,4800,4800,4800,4800,26,0,1100,1272.118933384473,788.3818589998555,4758.301347999804,179.0
1789423213,1,,Aggregated,0.000000,0.000000,1100,1200,1200,1300,1300,1900,4800,4800,4800,4800,4800,26,0,1100,1272.118933384473,788.3818589998555,4758.301347999804,179.0
1789423214,1,,Aggregated,0.000000,0.000000,1100,1200,1200,1300,1300,1900,4800,4800,4800,4800,4800,26,0,1100,1272.118933384473,788.3818589998555,4758.301347999804,179.0
1789423215,1,,Aggregated,0.000000,0.000000,1100,1200,1200,1300,1300,1900,4800,4800,4800,4800,4800,26,0,1100,1272.118933384473,788.3818589998555,4758.301347999804,179.0
1789423216,1,,Aggregated,0.000000,0.000000,1100,1200,1200,1300,1300,1900,4800,4800,4800,4800,4800,26,0,1100,1272.118933384473,788.3818589998555,4758.301347999804,179.0
1789423217,1,,Aggregated,0.000000,0.000000,1100,1200,1200,1300,1300,1900,4800,4800,4800,4800,4800,26,0,1100,1272.118933384473,788.3818589998555,4758.301347999804,179.0
1789423218,1,,Aggregated,0.000000,0.000000,1100,1200,1200,1300,1300,1900,4800,4800,4800,4800,4800,26,0,1100,1272.118933384473,788.3818589998555,4758.301347999804,179.0
1789423219,1,,Aggregated,0.000000,0.000000,1100,1200,1200,1300,1300,1900,4800,4800,4800,4800,4800,26,0,1100,1272.118933384473,788.3818589998555,4758.301347999804,179.0
1789423220,1,,Aggregated,0.000000,0.000000,1100,1200,1300,1300,1600,1900,4800,4800,4800,4800,4800,27,0,1100,1282.494652740651,788.3818589998555,4758.301347999804,179.0
1789423221,1,,Aggregated,0.000000,0.000000,1100,1200,1300,1300,1600,1900,4800,4800,4800,4800,4800,27,0,1100,1282.494652740651,788.3818589998555,4758.301347999804,179.0
1789423222,1,,Aggregated,0.000000,0.000000,1100,1200,1300,1300,1600,1900,4800,4800,4800,4800,4800,27,0,1100,1282.494652740651,788.3818589998555,4758.301347999804,179.0
1789423223,1,,Aggregated,0.000000,0.000000,1100,1200,1300,1300,1600,1900,4800,4800,4800,4800,4800,27,0,1100,1282.494652740651,788.3818589998555,4758.301347999804,179.0
1789423224,1,,Aggregated,0.000000,0.000000,1100,1200,1300,1300,1600,1900,4800,4800,4800,4800,4800,27,0,1100,1282.494652740651,788.3818589998555,4758.301347999804,179.0
1789423225,1,,Aggregated,0.000000,0.000000,1100,1200,1300,1300,1600,1900,4800,4800,4800,4800,4800,27,0,1100,1282.494652740651,788.3818589998555,4758.301347999804,179.0
1789423226,1,,Aggregated,0.000000,0.000000,1100,1200,1300,1300,1600,1900,4800,4800,4800,4800,4800,27,0,1100,1282.494652740651,788.3818589998555,4758.301347999804,179.0
1789423227,1,,Aggregated,0.000000,0.000000,1100,1200,1300,1300,1600,1900,4800,4800,4800,4800,4800,27,0,1100,1282.494652740651,788.3818589998555,4758.301347999804,179.0
1789423229,1,,Aggregated,0.000000,0.000000,1100,1200,1300,1300,1600,1900,4800,4800,4800,4800,4800,27,0,1100,1282.494652740651,788.3818589998555,4758.301347999804,179.0
1789423230,1,,Aggregated,0.000000,0.000000,1100,1200,1300,1300,1600,1900,4800,4800,4800,4800,4800,27,0,1100,1282.494652740651,788.3818589998555,4758.301347999804,179.0
1789423231,1,,Aggregated,0.000000,0.000000,1100,1200,1300,1300,1600,1900,4800,4800,4800,4800,4800,27,0,1100,1282.494652740651,788.3818589998555,4758.301347999804,179.0
1789423232,1,,Aggregated,0.000000,0.000000,1100,1200,1300,1300,1600,1900,4800,4800,4800,4800,4800,27,0,1100,1282.494652740651,788.3818589998555,4758.301347999804,179.0
1789423233,1,,Aggregated,0.000000,0.000000,1100,1200,1300,1300,1600,1900,4800,4800,4800,4800,4800,27,0,1100,1282.494652740651,788.3818589998555,4758.301347999804,179.0
1789423234,1,,Aggregated,0.000000,0.000000,1100,1200,1300,1300,1600,1900,4800,4800,4800,4800,4800,27,0,1100,1282.494652740651,788.3818589998555,4758.301347999804,179.0
1789423235,1,,Aggregated,0.000000,0.000000,1100,1200,1300,1300,1600,1900,4800,4800,4800,4800,4800,27,0,1100,1282.494652740651,788.3818589998555,4758.301347999804,179.0
1789423236,1,,Aggregated,0.000000,0.000000,1100,1200,1300,1300,1600,1900,4800,4800,4800,4800,4800,27,0,1100,1282.494652740651,788.3818589998555,4758.301347999804,179.0
1789423237,1,,Aggregated,0.000000,0.000000,1100,1200,1300,1300,1600,1900,4800,4800,4800,4800,4800,27,0,1100,1282.494652740651,788.3818589998555,4758.301347999804,179.0
1789423238,1,,Aggregated,0.000000,0.000000,1100,1200,1300,1300,1600,1900,4800,4800,4800,4800,4800,27,0,1100,1282.494652740651,788.3818589998555,4758.301347999804,179.0
1789423239,1,,Aggregated,0.000000,0.000000,1100,1200,1300,1300,1600,1900,4800,4800,4800,4800,4800,27,0,1100,1282.494652740651,788.3818589998555,4758.301347999804,179.0
1789423240,1,,Aggregated,0.000000,0.000000,1100,1200,1300,1300,1600,1900,4800,4800,4800,4800,4800,27,0,1100,1282.494652740651,788.3818589998555,4758.301347999804,179.0
1789423241,1,,Aggregated,0.000000,0.000000,1100,1200,1300,1300,1600,1900,4800,4800,4800,4800,4800,27,0,1100,1282.494652740651,788.3818589998555,4758.301347999804,179.0
1789423242,1,,Aggregated,0.000000,0.000000,1100,1200,1300,1300,1600,1900,4800,4800,4800,4800,4800,27,0,1100,1282.494652740651,788.3818589998555,4758.301347999804,179.0
1789423243,1,,Aggregated,0.000000,0.000000,1100,1200,1300,1300,1600,1900,4800,4800,4800,4800,4800,27,0,1100,1282.494652740651,788.3818589998555,4758.301347999804,179.0
1789423244,1,,Aggregated,0.000000,0.000000,1100,1200,1300,1300,1600,1900,4800,4800,4800,4800,4800,27,0,1100,1282.494652740651,788.3818589998555,4758.301347999804,179.0
1789423245,1,,Aggregated,0.000000,0.000000,1100,1200,1300,1300,1600,1900,4800,4800,4800,4800,4800,27,0,1100,1282.494652740651,788.3818589998555,4758.301347999804,179.0
1789423246,1,,Aggregated,0.000000,0.000000,1100,1200,1300,1300,1600,1900,4800,4800,4800,4800,4800,28,0,1100,1270.6726774641927,788.3818589998555,4758.301347999804,179.0
1789423247,1,,Aggregated,0.000000,0.000000,1100,1200,1300,1300,1600,1900,4800,4800,4800,4800,4800,28,0,1100,1270.6726774641927,788.3818589998555,4758.301347999804,179.0
1789423248,1,,Aggregated,0.000000,0.000000,1100,1200,1300,1300,1600,1900,4800,4800,4800,4800,4800,28,0,1100,1270.6726774641927,788.3818589998555,4758.301347999804,179.0
1789423249,1,,Aggregated,0.000000,0.000000,1100,1200,1300,1300,1600,1900,4800,4800,4800,4800,4800,28,0,1100,1270.6726774641927,788.3818589998555,4758.301347999804,179.0
1789423250,1,,Aggregated,0.000000,0.000000,1100,1200,1300,1300,1600,1900,4800,4800,4800,4800,4800,28,0,1100,1270.6726774641927,788.3818589998555,4758.301347999804,179.0
1789423251,1,,Aggregated,0.000000,0.000000,1100,1200,1300,1300,1600,1900,4800,4800,4800,4800,4800,28,0,1100,1270.6726774641927,788.3818589998555,4758.301347999804,179.0
1789423252,1,,Aggregated,0.000000,0.000000,1100,1200,1300,1300,1600,1900,4800,4800,4800,4800,4800,28,0,1100,1270.6726774641927,788.3818589998555,4758.301347999804,179.0
1789423253,1,,Aggregated,0.000000,0.000000,1100,1200,1300,1300,1600,1900,4800,4800,4800,4800,4800,28,0,1100,1270.6726774641927,788.3818589998555,4758.301347999804,179.0
1789423254,1,,Aggregated,0.000000,0.000000,1100,1200,1300,1300,1600,1900,4800,4800,4800,4800,4800,28,0,1100,1270.6726774641927,788.3818589998555,4758.301347999804,179.0
1789423255,1,,Aggregated,0.000000,0.000000,1100,1200,1300,1300,1600,1900,4800,4800,4800,4800,4800,28,0,1100,1270.6726774641927,788.3818589998555,4758.301347999804,179.0
1789423256,1,,Aggregated,0.000000,0.000000,1100,1200,1300,1300,1600,1900,4800,4800,4800,4800,4800,28,0,1100,1270.6726774641927,788.3818589998555,4758.301347999804,179.0
1789423257,1,,Aggregated,0.000000,0.000000,1100,1200,1300,1300,1600,1900,4800,4800,4800,4800,4800,28,0,1100,1270.6726774641927,788.3818589998555,4758.301347999804,179.0
1789423258,1,,Aggregated,0.000000,0.000000,1100,1200,1300,1300,1600,1900,4800,4800,4800,4800,4800,28,0,1100,1270.6726774641927,788.3818589998555,4758.301347999804,179.0
1789423259,1,,Aggregated,0.000000,0.000000,1100,1200,1300,1300,1600,1900,4800,4800,4800,4800,4800,28,0,1100,1270.6726774641927,788.3818589998555,4758.301347999804,179.0
1789423260,1,,Aggregated,0.000000,0.000000,1100,1200,1300,1300,1600,1900,4800,4800,4800,4800,4800,28,0,1100,1270.6726774641927,788.3818589998555,4758.301347999804,179.0
1789423261,1,,Aggregated,0.000000,0.000000,1100,1200,1300,1300,1600,1900,4800,4800,4800,4800,4800,28,0,1100,1270.6726774641927,788.3818589998555,4758.301347999804,179.0
1789423262,1,,Aggregated,0.000000,0.000000,1100,1200,1300,1300,1600,1900,4800,4800,4800,4800,4800,28,0,1100,1270.6726774641927,788.3818589998555,4758.301347999804,179.0
1789423263,1,,Aggregated,0.000000,0.000000,1100,1200,1300,1300,1600,1900,4800,4800,4800,4800,4800,28,0,1100,1270.6726774641927,788.3818589998555,4758.301347999804,179.0
1789423264,1,,Aggregated,0.000000,0.000000,1100,1200,1300,1300,1600,1900,4800,4800,4800,4800,4800,28,0,1100,1270.6726774641927,788.3818589998555,4758.301347999804,179.0
1789423265,1,,Aggregated,0.000000,0.000000,1100,1200,1300,1300,1600,1900,4800,4800,4800,4800,4800,28,0,1100,1270.6726774641927,788.3818589998555,4758.301347999804,179.0
1789423266,1,,Aggregated,0.000000,0.000000,1100,1200,1300,1300,1600,1900,4800,4800,4800,4800,4800,28,0,1100,1270.6726774641927,788.3818589998555,4758.301347999804,179.0
